system,pS856,pS857,pS859,pT860,TOTAL
A,156.741259,54.237860,42.539326,58.579460,312.097905
mGlu3,181.290682,99.588627,98.313923,106.479100,485.672332
C665G,145.708809,55.805921,42.292080,52.246176,296.052987
I666G,155.993397,59.310463,55.517001,68.521837,339.342698
A667G,183.686066,54.519114,46.887123,69.064667,354.156970
R668G,142.748510,27.501566,28.421943,69.888978,268.560998
I669G,135.131771,86.308244,47.331641,71.806042,340.577698
F670G,144.318277,57.376388,50.657561,70.794058,323.146285
TM3-6G,138.076643,43.170544,53.738808,66.350968,301.336963
