frame,time_ps,T:SEP856,T:SEP857,T:SEP859,T:TPO860,total_sasa_angstrom2,run_id
100,100.0,75.08895111083984,38.97940444946289,76.91240692138672,52.56150436401367,243.5422821044922,RUN1
110,110.0,120.18218994140625,74.2620620727539,76.296875,65.56390380859375,336.3050231933594,RUN1
120,120.0,103.68177795410156,59.59484100341797,79.11857604980469,64.07463836669922,306.4698181152344,RUN1
130,130.0,91.62368774414062,54.47272491455078,73.99593353271484,48.02503204345703,268.11737060546875,RUN1
140,140.0,77.82804107666016,61.93158721923828,89.7338638305664,40.399513244628906,269.89300537109375,RUN1
150,150.0,84.53114318847656,37.78105545043945,87.72504425048828,34.510807037353516,244.54803466796875,RUN1
160,160.0,53.715599060058594,58.75424575805664,82.12722778320312,33.72532272338867,228.32240295410156,RUN1
170,170.0,91.44300079345703,44.33348083496094,102.63951110839844,55.45187759399414,293.8678894042969,RUN1
180,180.0,111.10220336914062,38.42027282714844,95.6746826171875,44.13744354248047,289.3345947265625,RUN1
190,190.0,145.71449279785156,73.74969482421875,104.46356201171875,51.128173828125,375.055908203125,RUN1
200,200.0,149.24484252929688,24.654651641845703,114.02818298339844,55.3891487121582,343.31683349609375,RUN1
210,210.0,155.62721252441406,41.118804931640625,99.86479949951172,36.9306755065918,333.5414733886719,RUN1
220,220.0,166.9556427001953,32.8078498840332,68.74141693115234,56.20477294921875,324.7096862792969,RUN1
230,230.0,150.98699951171875,60.895912170410156,44.72374725341797,65.13179779052734,321.73846435546875,RUN1
240,240.0,153.33607482910156,23.613040924072266,56.450462341308594,35.26443099975586,268.66400146484375,RUN1
250,250.0,188.0806427001953,16.02281379699707,48.262184143066406,41.38644790649414,293.7520751953125,RUN1
260,260.0,220.09751892089844,50.15015411376953,51.82608413696289,49.91902160644531,371.9927978515625,RUN1
270,270.0,208.6944580078125,30.210411071777344,42.151580810546875,42.25448989868164,323.3109436035156,RUN1
280,280.0,170.98899841308594,65.01882934570312,37.048866271972656,63.096099853515625,336.1528015136719,RUN1
290,290.0,159.21446228027344,84.44983673095703,35.785335540771484,55.29087829589844,334.74053955078125,RUN1
300,300.0,108.80224609375,50.18084716796875,55.626487731933594,51.255714416503906,265.86529541015625,RUN1
310,310.0,117.0514907836914,39.52454376220703,42.61812973022461,53.1565055847168,252.35067749023438,RUN1
320,320.0,152.9276123046875,25.1840763092041,66.47122955322266,56.89918899536133,301.48211669921875,RUN1
330,330.0,113.59455871582031,22.506423950195312,53.557334899902344,52.485198974609375,242.14352416992188,RUN1
340,340.0,140.59320068359375,16.58536720275879,70.4848861694336,48.290618896484375,275.9540710449219,RUN1
350,350.0,129.7598876953125,35.465614318847656,81.85513305664062,46.91823959350586,293.9988708496094,RUN1
360,360.0,131.78207397460938,38.87269592285156,69.38258361816406,40.770809173583984,280.80816650390625,RUN1
370,370.0,163.39471435546875,58.94272232055664,74.5662841796875,39.63374328613281,336.5374755859375,RUN1
380,380.0,167.51304626464844,35.2686767578125,53.25959396362305,35.13576889038086,291.1770935058594,RUN1
390,390.0,170.69332885742188,37.967472076416016,62.97740936279297,48.65045928955078,320.2886657714844,RUN1
400,400.0,149.1035919189453,58.19532775878906,85.62725830078125,43.115352630615234,336.0415344238281,RUN1
410,410.0,0.0,0.0,0.0,0.0,0.0,RUN1
420,420.0,171.87496948242188,54.26036071777344,21.36660385131836,44.0980339050293,291.5999755859375,RUN1
430,430.0,152.12457275390625,51.0211296081543,23.710594177246094,57.30128479003906,284.1575927734375,RUN1
440,440.0,147.9684295654297,65.53743743896484,22.80961799621582,51.272254943847656,287.5877380371094,RUN1
450,450.0,162.9957275390625,74.41728973388672,62.80295181274414,63.07033920288086,363.28631591796875,RUN1
460,460.0,165.7289276123047,41.83610534667969,44.65160369873047,67.80598449707031,320.02264404296875,RUN1
470,470.0,142.0062713623047,21.743207931518555,55.94103240966797,54.265647888183594,273.9561767578125,RUN1
480,480.0,189.35276794433594,45.622764587402344,52.90213394165039,71.4802474975586,359.35791015625,RUN1
490,490.0,186.47686767578125,45.9596061706543,20.361927032470703,43.42387390136719,296.2222900390625,RUN1
500,500.0,194.4638671875,62.87841796875,11.983945846557617,45.28005599975586,314.6062927246094,RUN1
510,510.0,159.41867065429688,62.031883239746094,49.849002838134766,57.11956024169922,328.41912841796875,RUN1
520,520.0,168.00511169433594,43.388671875,42.20315170288086,46.067283630371094,299.6642150878906,RUN1
530,530.0,134.52980041503906,61.09592819213867,22.89847755432129,43.51142501831055,262.03564453125,RUN1
540,540.0,178.62677001953125,44.34001922607422,27.068281173706055,53.52873992919922,303.5638122558594,RUN1
550,550.0,114.16536712646484,43.286678314208984,29.072999954223633,54.57475280761719,241.09979248046875,RUN1
560,560.0,160.02047729492188,36.464996337890625,48.355621337890625,49.2542724609375,294.0953674316406,RUN1
570,570.0,187.57400512695312,42.145286560058594,44.77813720703125,51.862693786621094,326.3601379394531,RUN1
580,580.0,156.49221801757812,69.3990249633789,23.208026885986328,24.728811264038086,273.82806396484375,RUN1
590,590.0,143.72496032714844,35.27120590209961,11.629127502441406,47.8680305480957,238.4933319091797,RUN1
600,600.0,141.43829345703125,44.099815368652344,10.615857124328613,51.620418548583984,247.77439880371094,RUN1
610,610.0,113.23668670654297,43.52520751953125,12.87540340423584,45.27599334716797,214.91329956054688,RUN1
620,620.0,184.78204345703125,66.9333724975586,14.685626029968262,52.664024353027344,319.0650939941406,RUN1
630,630.0,168.76614379882812,57.54286193847656,57.88243865966797,51.241539001464844,335.4329833984375,RUN1
640,640.0,117.58032989501953,50.66856002807617,62.58295822143555,50.75344467163086,281.5852966308594,RUN1
650,650.0,139.46852111816406,27.663427352905273,34.76939392089844,47.29094696044922,249.19229125976562,RUN1
660,660.0,146.5476531982422,25.290435791015625,29.074668884277344,50.55532455444336,251.46807861328125,RUN1
670,670.0,98.37307739257812,27.061664581298828,20.00666618347168,47.133514404296875,192.57492065429688,RUN1
680,680.0,100.46467590332031,37.62234878540039,13.369220733642578,56.29081726074219,207.74705505371094,RUN1
690,690.0,129.05271911621094,25.59652328491211,27.491981506347656,42.713748931884766,224.85498046875,RUN1
700,700.0,132.18826293945312,37.502437591552734,14.026838302612305,81.71123504638672,265.42877197265625,RUN1
710,710.0,114.41539764404297,37.72880554199219,18.408109664916992,57.76185989379883,228.3141632080078,RUN1
720,720.0,108.20767974853516,42.90251922607422,27.63587760925293,59.28030776977539,238.02638244628906,RUN1
730,730.0,82.81451416015625,29.7520809173584,41.7839241027832,58.78236389160156,213.1328887939453,RUN1
740,740.0,132.9793243408203,32.621219635009766,47.404869079589844,53.37150192260742,266.37689208984375,RUN1
750,750.0,135.44998168945312,70.26069641113281,42.6421012878418,55.754966735839844,304.1077575683594,RUN1
760,760.0,115.7093276977539,33.931217193603516,32.97111511230469,33.94274139404297,216.55441284179688,RUN1
770,770.0,97.02247619628906,49.72853469848633,30.84833526611328,35.11155319213867,212.7108917236328,RUN1
780,780.0,73.50121307373047,36.65990447998047,37.15471649169922,54.69908905029297,202.01492309570312,RUN1
790,790.0,57.1211051940918,36.458213806152344,16.61370277404785,56.51913833618164,166.712158203125,RUN1
800,800.0,69.1616439819336,43.04048156738281,33.985267639160156,57.537872314453125,203.7252655029297,RUN1
810,810.0,65.27804565429688,40.276710510253906,27.090776443481445,45.14607238769531,177.79161071777344,RUN1
820,820.0,45.84493637084961,44.18865203857422,31.424034118652344,74.7406234741211,196.1982421875,RUN1
830,830.0,72.7487564086914,24.426429748535156,49.719791412353516,72.60108184814453,219.49606323242188,RUN1
840,840.0,71.11746215820312,25.501298904418945,39.898807525634766,60.637210845947266,197.15476989746094,RUN1
850,850.0,49.160892486572266,31.726768493652344,42.659942626953125,86.35456085205078,209.90216064453125,RUN1
860,860.0,52.61423110961914,34.51228713989258,37.09563446044922,65.13362884521484,189.35577392578125,RUN1
870,870.0,67.6279525756836,25.004899978637695,46.004337310791016,68.31212615966797,206.94931030273438,RUN1
880,880.0,73.60751342773438,32.20412826538086,56.55730438232422,73.42430877685547,235.79327392578125,RUN1
890,890.0,49.83217239379883,30.149633407592773,28.344587326049805,45.67540740966797,154.00180053710938,RUN1
900,900.0,62.10519027709961,28.139177322387695,25.549575805664062,43.137149810791016,158.93109130859375,RUN1
910,910.0,64.17353820800781,31.671737670898438,35.73857116699219,77.40064239501953,208.9844970703125,RUN1
920,920.0,56.13717269897461,46.04238510131836,27.399080276489258,75.26940155029297,204.84805297851562,RUN1
930,930.0,66.78166961669922,30.81804847717285,23.22484588623047,43.81129455566406,164.6358642578125,RUN1
940,940.0,0.0,0.0,0.0,0.0,0.0,RUN1
950,950.0,93.9243392944336,47.83100891113281,21.21201515197754,44.9797477722168,207.94711303710938,RUN1
960,960.0,63.47562026977539,27.359622955322266,22.110872268676758,47.51211166381836,160.45822143554688,RUN1
970,970.0,73.70674896240234,42.73133087158203,32.47835922241211,44.562095642089844,193.47854614257812,RUN1
980,980.0,86.79187774658203,52.3150634765625,52.57438278198242,52.37667465209961,244.05799865722656,RUN1
990,990.0,78.58997344970703,26.536914825439453,25.96597671508789,53.36684036254883,184.45970153808594,RUN1
1000,1000.0,71.60856628417969,46.52142333984375,27.548070907592773,42.47472381591797,188.15277099609375,RUN1
1010,1010.0,57.1845703125,36.6559944152832,22.482967376708984,50.75628662109375,167.07981872558594,RUN1
1020,1020.0,62.45579528808594,46.210079193115234,16.09136390686035,55.025726318359375,179.782958984375,RUN1
1030,1030.0,67.30927276611328,46.49781799316406,28.86761474609375,58.841941833496094,201.51666259765625,RUN1
1040,1040.0,55.64811325073242,38.734989166259766,29.801809310913086,51.311378479003906,175.4962921142578,RUN1
1050,1050.0,40.40496826171875,42.83414840698242,27.452781677246094,53.024803161621094,163.71670532226562,RUN1
1060,1060.0,48.47145462036133,28.114503860473633,42.30513000488281,52.66596603393555,171.5570526123047,RUN1
1070,1070.0,40.91999053955078,47.0399055480957,31.48280906677246,43.43924331665039,162.8819580078125,RUN1
1080,1080.0,43.38912582397461,39.51430892944336,25.863069534301758,46.413639068603516,155.18014526367188,RUN1
1090,1090.0,46.450599670410156,50.80240249633789,29.38743019104004,49.43906021118164,176.07949829101562,RUN1
100,100.0,93.87444305419922,64.83482360839844,49.14814376831055,86.79232025146484,294.64971923828125,RUN2
110,110.0,82.24381256103516,70.78043365478516,37.94939422607422,89.82693481445312,280.8005676269531,RUN2
120,120.0,86.66423797607422,117.24268341064453,55.53829574584961,93.34146881103516,352.78668212890625,RUN2
130,130.0,154.79844665527344,162.72634887695312,38.193538665771484,90.09942626953125,445.8177490234375,RUN2
140,140.0,86.03627014160156,149.56317138671875,64.72320556640625,116.0247573852539,416.3473815917969,RUN2
150,150.0,103.55520629882812,155.03895568847656,44.82697677612305,150.24794006347656,453.6690673828125,RUN2
160,160.0,89.75585174560547,113.95098876953125,34.87106704711914,100.50428009033203,339.0821838378906,RUN2
170,170.0,99.87551879882812,63.193138122558594,41.384098052978516,117.23725891113281,321.69000244140625,RUN2
180,180.0,138.12408447265625,57.72388458251953,60.48833084106445,88.217529296875,344.5538330078125,RUN2
190,190.0,147.46484375,82.10721588134766,28.94931411743164,108.85575103759766,367.3771057128906,RUN2
200,200.0,133.928466796875,93.35626220703125,64.31107330322266,86.20637512207031,377.80218505859375,RUN2
210,210.0,130.02490234375,81.3622055053711,45.9350471496582,99.11477661132812,356.43695068359375,RUN2
220,220.0,152.06890869140625,156.79153442382812,43.69073486328125,92.28131103515625,444.8324890136719,RUN2
230,230.0,231.9451141357422,103.03849792480469,45.93918228149414,94.27249908447266,475.1952819824219,RUN2
240,240.0,191.0216522216797,95.69586181640625,43.20044708251953,95.44161224365234,425.3595886230469,RUN2
250,250.0,154.19952392578125,155.30718994140625,30.293733596801758,85.89962005615234,425.7000732421875,RUN2
260,260.0,88.02668762207031,150.05856323242188,64.37875366210938,83.90576171875,386.3697509765625,RUN2
270,270.0,208.94309997558594,114.28860473632812,57.51513671875,90.96509552001953,471.7119140625,RUN2
280,280.0,193.2318572998047,108.10515594482422,49.59687042236328,72.9794921875,423.9133605957031,RUN2
290,290.0,144.8892059326172,89.43016052246094,52.40582275390625,83.94513702392578,370.6703186035156,RUN2
300,300.0,234.5099639892578,151.5472869873047,77.8983154296875,82.19129943847656,546.1468505859375,RUN2
310,310.0,141.16009521484375,125.78202819824219,64.9865951538086,122.96212005615234,454.890869140625,RUN2
320,320.0,226.55740356445312,151.28814697265625,58.9583625793457,89.65798950195312,526.4619140625,RUN2
330,330.0,130.8045196533203,137.50399780273438,59.71442413330078,86.2951431274414,414.3180847167969,RUN2
340,340.0,138.77508544921875,139.00399780273438,73.54206085205078,68.148681640625,419.4698181152344,RUN2
350,350.0,122.06026458740234,140.58755493164062,47.883338928222656,83.1032485961914,393.6343994140625,RUN2
360,360.0,130.58567810058594,151.27871704101562,53.2933349609375,93.85231018066406,429.010009765625,RUN2
370,370.0,0.0,0.0,0.0,0.0,0.0,RUN2
380,380.0,135.10813903808594,109.33454132080078,45.55915451049805,67.95038604736328,357.95220947265625,RUN2
390,390.0,136.76800537109375,128.2368927001953,31.738975524902344,86.54986572265625,383.2937316894531,RUN2
400,400.0,160.01927185058594,110.21073913574219,39.92577362060547,90.41981506347656,400.57562255859375,RUN2
410,410.0,128.63726806640625,127.71907806396484,32.1390266418457,91.73463439941406,380.23004150390625,RUN2
420,420.0,151.13674926757812,140.56787109375,23.673912048339844,78.93218994140625,394.31072998046875,RUN2
430,430.0,232.35694885253906,139.53916931152344,44.197601318359375,94.01514434814453,510.1088562011719,RUN2
440,440.0,235.73727416992188,125.46377563476562,37.45338439941406,86.55378723144531,485.20819091796875,RUN2
450,450.0,124.44786071777344,128.0489501953125,35.030296325683594,93.63265991210938,381.1597595214844,RUN2
460,460.0,107.07209014892578,115.84307861328125,43.32537078857422,96.6707992553711,362.9113464355469,RUN2
470,470.0,128.83041381835938,96.2115249633789,25.380050659179688,92.01436614990234,342.43634033203125,RUN2
480,480.0,110.03234100341797,95.33194732666016,39.900569915771484,82.66159057617188,327.92645263671875,RUN2
490,490.0,121.74248504638672,85.88731384277344,43.828433990478516,90.30632019042969,341.7645263671875,RUN2
500,500.0,135.8367156982422,65.32868194580078,48.3612060546875,75.31603240966797,324.8426513671875,RUN2
510,510.0,105.62125396728516,92.46931457519531,44.17498779296875,93.34100341796875,335.6065673828125,RUN2
520,520.0,76.87910461425781,92.87370300292969,63.880611419677734,89.16072082519531,322.79412841796875,RUN2
530,530.0,87.2300796508789,51.519439697265625,68.37837982177734,128.7435302734375,335.8714294433594,RUN2
540,540.0,52.30771255493164,49.48101043701172,72.98119354248047,113.42919921875,288.1991271972656,RUN2
550,550.0,65.39620208740234,63.35124206542969,72.4555435180664,80.2154541015625,281.4184265136719,RUN2
560,560.0,71.78329467773438,54.252197265625,66.19410705566406,141.6368865966797,333.8664855957031,RUN2
570,570.0,72.8399429321289,63.82377243041992,58.4587287902832,137.25967407226562,332.3821105957031,RUN2
580,580.0,137.38368225097656,189.6674346923828,71.18840026855469,206.1298828125,604.369384765625,RUN2
590,590.0,66.0556640625,74.3909912109375,50.20106506347656,130.36378479003906,321.0115051269531,RUN2
600,600.0,71.5524673461914,70.9980697631836,30.6220645904541,114.06661224365234,287.2392272949219,RUN2
610,610.0,58.801513671875,67.92045593261719,33.149723052978516,116.82109832763672,276.6927795410156,RUN2
620,620.0,58.63991928100586,64.84024810791016,32.293418884277344,97.73511505126953,253.50869750976562,RUN2
630,630.0,73.77293395996094,75.91162872314453,54.91375732421875,128.59661865234375,333.1949462890625,RUN2
640,640.0,50.99123001098633,55.97053909301758,47.54758834838867,114.46015930175781,268.9695129394531,RUN2
650,650.0,97.15135955810547,85.73580932617188,44.735050201416016,121.1345443725586,348.75677490234375,RUN2
660,660.0,84.73465728759766,74.78559112548828,49.818389892578125,97.28946685791016,306.62811279296875,RUN2
670,670.0,99.2669906616211,72.6590347290039,40.61974334716797,115.55305480957031,328.09881591796875,RUN2
680,680.0,87.59671783447266,77.13676452636719,44.448856353759766,105.02069091796875,314.2030334472656,RUN2
690,690.0,67.865966796875,69.27128601074219,56.04847717285156,117.48169708251953,310.66741943359375,RUN2
700,700.0,0.0,0.0,0.0,0.0,0.0,RUN2
710,710.0,71.93163299560547,65.59709167480469,37.554080963134766,102.60446166992188,277.687255859375,RUN2
720,720.0,60.505104064941406,80.232666015625,41.24214553833008,98.66390228271484,280.643798828125,RUN2
730,730.0,71.40178680419922,63.54252624511719,56.55167770385742,79.56825256347656,271.0642395019531,RUN2
740,740.0,56.510345458984375,39.22212600708008,49.65385818481445,88.87125396728516,234.257568359375,RUN2
750,750.0,60.67070388793945,40.64496612548828,42.14985656738281,111.56404876708984,255.02957153320312,RUN2
760,760.0,78.3241958618164,65.32128143310547,44.008384704589844,124.21536254882812,311.8692321777344,RUN2
770,770.0,64.09038543701172,77.29933166503906,54.545413970947266,128.53892517089844,324.47406005859375,RUN2
780,780.0,65.1064224243164,65.88868713378906,48.20953369140625,136.57089233398438,315.7755432128906,RUN2
790,790.0,0.0,0.0,0.0,0.0,0.0,RUN2
800,800.0,53.9698600769043,78.08090209960938,31.25054168701172,113.26747131347656,276.56878662109375,RUN2
810,810.0,64.83798217773438,86.98739624023438,50.50251388549805,104.03369903564453,306.3616027832031,RUN2
820,820.0,55.597259521484375,65.16390228271484,44.66827392578125,98.7448959350586,264.1743469238281,RUN2
830,830.0,76.24983215332031,86.56832885742188,43.658721923828125,118.83616638183594,325.31304931640625,RUN2
840,840.0,78.9356460571289,86.41431427001953,45.48786163330078,79.79850006103516,290.6363220214844,RUN2
850,850.0,85.37615966796875,72.8106689453125,47.963623046875,98.49479675292969,304.645263671875,RUN2
860,860.0,85.38677978515625,65.6677474975586,54.497467041015625,115.0216064453125,320.5736083984375,RUN2
870,870.0,90.18612670898438,76.6818618774414,41.98769760131836,127.60318756103516,336.4588623046875,RUN2
880,880.0,93.37625122070312,78.56733703613281,48.07902145385742,98.36408233642578,318.3866882324219,RUN2
890,890.0,61.68989562988281,65.37612915039062,54.57364273071289,91.63648223876953,273.2761535644531,RUN2
900,900.0,18.224199295043945,109.66607666015625,11.994382858276367,61.424766540527344,201.30941772460938,RUN2
910,910.0,63.17818069458008,48.81239700317383,43.2353630065918,120.51427459716797,275.7402038574219,RUN2
920,920.0,75.2624282836914,64.07106018066406,42.20399856567383,133.79515075683594,315.3326416015625,RUN2
930,930.0,66.93965148925781,59.94754409790039,51.77449035644531,122.35738372802734,301.0190734863281,RUN2
940,940.0,64.7016830444336,63.486480712890625,40.489994049072266,129.53189086914062,298.2100524902344,RUN2
950,950.0,99.6951675415039,63.20158386230469,46.1493034362793,107.10614776611328,316.1522216796875,RUN2
960,960.0,150.3871612548828,71.51830291748047,76.18978881835938,131.3541717529297,429.44940185546875,RUN2
970,970.0,146.09664916992188,137.80519104003906,58.02814865112305,149.94281005859375,491.872802734375,RUN2
980,980.0,141.58938598632812,93.00263214111328,67.43041229248047,128.6152801513672,430.6376953125,RUN2
990,990.0,163.33184814453125,117.44811248779297,65.6446304321289,153.83975219726562,500.26434326171875,RUN2
1000,1000.0,140.6753692626953,105.16329956054688,38.319007873535156,99.66088104248047,383.8185729980469,RUN2
1010,1010.0,139.34307861328125,76.99593353271484,67.95056915283203,147.66624450683594,431.955810546875,RUN2
1020,1020.0,150.4014892578125,89.7093505859375,95.45146942138672,105.34771728515625,440.9100341796875,RUN2
1030,1030.0,125.33448791503906,47.036285400390625,55.45030975341797,99.8426284790039,327.6636962890625,RUN2
1040,1040.0,129.22547912597656,62.663330078125,51.04075622558594,122.20338439941406,365.1329345703125,RUN2
1050,1050.0,135.4937744140625,39.474491119384766,56.44821548461914,121.86766052246094,353.28411865234375,RUN2
1060,1060.0,135.8961181640625,41.64122772216797,39.88502883911133,69.98095703125,287.4033203125,RUN2
1070,1070.0,152.31597900390625,49.201297760009766,35.74205780029297,76.3641357421875,313.62347412109375,RUN2
1080,1080.0,124.21586608886719,49.05379104614258,33.22927474975586,82.55379486083984,289.052734375,RUN2
1090,1090.0,135.2334747314453,50.03855895996094,46.42483139038086,65.83226776123047,297.5291442871094,RUN2
100,100.0,188.74411010742188,30.483903884887695,52.84016036987305,80.82923126220703,352.89739990234375,RUN3
110,110.0,184.98968505859375,39.13630294799805,31.761503219604492,89.71385955810547,345.6013488769531,RUN3
120,120.0,189.49951171875,52.23310470581055,31.24934959411621,41.08572769165039,314.06768798828125,RUN3
130,130.0,177.89968872070312,64.92084503173828,61.4572639465332,50.798213958740234,355.0760192871094,RUN3
140,140.0,208.58078002929688,52.70991897583008,60.858036041259766,68.8442611694336,390.9930114746094,RUN3
150,150.0,195.6148681640625,58.83799743652344,54.88853454589844,38.08540344238281,347.42681884765625,RUN3
160,160.0,193.4528350830078,55.41123580932617,51.986534118652344,64.22279357910156,365.07342529296875,RUN3
170,170.0,182.5299530029297,62.99886703491211,39.53529739379883,39.804805755615234,324.8689270019531,RUN3
180,180.0,200.81222534179688,72.4593276977539,70.3582992553711,48.729522705078125,392.359375,RUN3
190,190.0,193.3902130126953,49.297119140625,44.364967346191406,70.02586364746094,357.07818603515625,RUN3
200,200.0,192.78079223632812,21.586997985839844,20.269758224487305,54.478065490722656,289.1156311035156,RUN3
210,210.0,211.02066040039062,59.122528076171875,37.010650634765625,41.2974853515625,348.4513244628906,RUN3
220,220.0,151.201171875,71.4475326538086,54.79938888549805,54.09372329711914,331.54180908203125,RUN3
230,230.0,175.7335968017578,75.36083984375,32.28032684326172,59.774051666259766,343.1488037109375,RUN3
240,240.0,215.12094116210938,58.13056182861328,43.261451721191406,104.26078033447266,420.7737121582031,RUN3
250,250.0,174.4139404296875,64.21627807617188,26.99195098876953,100.22379302978516,365.845947265625,RUN3
260,260.0,147.2918701171875,80.51658630371094,34.935791015625,83.66141510009766,346.4056701660156,RUN3
270,270.0,167.4615936279297,66.44119262695312,51.55536651611328,65.39471435546875,350.8528747558594,RUN3
280,280.0,216.25831604003906,70.3812484741211,66.72846984863281,50.185306549072266,403.5533447265625,RUN3
290,290.0,234.79824829101562,84.96770477294922,79.549560546875,36.2391471862793,435.5546569824219,RUN3
300,300.0,147.81687927246094,86.31102752685547,65.26077270507812,33.38914108276367,332.7778015136719,RUN3
310,310.0,128.211669921875,84.94304656982422,72.90945434570312,36.58799743652344,322.65216064453125,RUN3
320,320.0,166.6275634765625,81.06538391113281,82.93431091308594,40.37874221801758,371.0060119628906,RUN3
330,330.0,158.89390563964844,70.54281616210938,66.89320373535156,33.720523834228516,330.0504455566406,RUN3
340,340.0,169.64306640625,67.47434997558594,84.4971923828125,38.34700012207031,359.96160888671875,RUN3
350,350.0,155.473388671875,87.95401000976562,75.91168975830078,33.862571716308594,353.20166015625,RUN3
360,360.0,147.58010864257812,108.85751342773438,86.50838470458984,41.762481689453125,384.70849609375,RUN3
370,370.0,153.74960327148438,115.31414031982422,60.31956481933594,49.590057373046875,378.9733581542969,RUN3
380,380.0,150.9162139892578,75.01615905761719,61.7915153503418,27.576961517333984,315.30084228515625,RUN3
390,390.0,166.41842651367188,75.02788543701172,66.94825744628906,38.85881805419922,347.25341796875,RUN3
400,400.0,140.3806915283203,104.1007308959961,44.4312858581543,34.16347122192383,323.076171875,RUN3
410,410.0,165.54489135742188,89.72016906738281,54.21776580810547,40.875518798828125,350.35833740234375,RUN3
420,420.0,146.4337158203125,94.73796844482422,82.68807220458984,36.87574005126953,360.7355041503906,RUN3
430,430.0,158.10594177246094,77.22492218017578,35.73342514038086,22.495004653930664,293.5592956542969,RUN3
440,440.0,155.2477569580078,102.27099609375,47.97930145263672,23.504526138305664,329.0025634765625,RUN3
450,450.0,145.74537658691406,93.24238586425781,21.912578582763672,32.06816101074219,292.968505859375,RUN3
460,460.0,151.4281463623047,104.25995635986328,56.17724609375,43.962547302246094,355.8279113769531,RUN3
470,470.0,142.6293182373047,117.8701171875,45.36673355102539,31.985702514648438,337.85186767578125,RUN3
480,480.0,142.37791442871094,104.32794189453125,42.49105453491211,52.843658447265625,342.0405578613281,RUN3
490,490.0,152.5432891845703,87.47903442382812,54.08436584472656,31.453231811523438,325.5599365234375,RUN3
500,500.0,153.300537109375,77.61837005615234,31.79722785949707,29.690229415893555,292.4063720703125,RUN3
510,510.0,192.8931884765625,73.17366790771484,33.12554168701172,31.616378784179688,330.80877685546875,RUN3
520,520.0,164.3136444091797,68.96553039550781,34.313777923583984,30.55008888244629,298.1430358886719,RUN3
530,530.0,208.73324584960938,40.62398147583008,30.17277717590332,26.929109573364258,306.4591064453125,RUN3
540,540.0,195.8085479736328,49.91695785522461,24.428564071655273,47.56157684326172,317.7156677246094,RUN3
550,550.0,188.81268310546875,52.25515365600586,59.18412780761719,39.3011589050293,339.5531005859375,RUN3
560,560.0,179.6769561767578,50.43267059326172,88.89990997314453,30.72121810913086,349.7307434082031,RUN3
570,570.0,194.4477081298828,33.6638069152832,48.54487609863281,53.862159729003906,330.5185241699219,RUN3
580,580.0,180.06980895996094,36.75749969482422,63.3976936340332,63.089508056640625,343.31451416015625,RUN3
590,590.0,188.45492553710938,36.522125244140625,54.78573989868164,29.48733901977539,309.2501220703125,RUN3
600,600.0,175.3277587890625,33.21254348754883,47.36307907104492,47.502933502197266,303.40631103515625,RUN3
610,610.0,143.5850067138672,14.896175384521484,71.57679748535156,35.3678092956543,265.42578125,RUN3
620,620.0,135.99539184570312,16.59299659729004,73.50598907470703,19.61821937561035,245.71261596679688,RUN3
630,630.0,121.54608154296875,19.587955474853516,90.52740478515625,30.151805877685547,261.813232421875,RUN3
640,640.0,116.73819732666016,16.72157096862793,54.432003021240234,48.94148254394531,236.833251953125,RUN3
650,650.0,116.27006530761719,20.709531784057617,35.2928352355957,44.69548034667969,216.96791076660156,RUN3
660,660.0,191.49652099609375,26.161518096923828,65.50005340576172,42.05549240112305,325.21356201171875,RUN3
670,670.0,203.27415466308594,49.59300231933594,65.30094146728516,38.43217468261719,356.60028076171875,RUN3
680,680.0,158.2797088623047,67.53118133544922,76.50946044921875,42.96430969238281,345.28466796875,RUN3
690,690.0,147.33758544921875,87.10137939453125,60.24662780761719,37.410987854003906,332.0965881347656,RUN3
700,700.0,166.00904846191406,42.868751525878906,72.81805419921875,31.07351303100586,312.7693786621094,RUN3
710,710.0,143.24505615234375,48.132568359375,74.28805541992188,29.79629135131836,295.46197509765625,RUN3
720,720.0,133.8093719482422,33.19264221191406,65.01624298095703,51.981807708740234,284.00006103515625,RUN3
730,730.0,162.8655548095703,64.4481201171875,68.24382781982422,42.179195404052734,337.7366943359375,RUN3
740,740.0,184.27001953125,31.515153884887695,42.9614143371582,57.161949157714844,315.9085388183594,RUN3
750,750.0,159.08419799804688,66.57207489013672,53.93436050415039,27.754024505615234,307.34466552734375,RUN3
760,760.0,197.96983337402344,56.22111511230469,65.96419525146484,47.1025390625,367.2576904296875,RUN3
770,770.0,149.53346252441406,43.51606369018555,67.83707427978516,34.72444534301758,295.6110534667969,RUN3
780,780.0,172.3714141845703,52.33916091918945,65.01354217529297,51.676719665527344,341.4008483886719,RUN3
790,790.0,148.77490234375,49.613319396972656,63.18689727783203,35.24883270263672,296.8239440917969,RUN3
800,800.0,157.77659606933594,61.06294250488281,70.8878173828125,62.871517181396484,352.598876953125,RUN3
810,810.0,130.15997314453125,42.74102020263672,66.4377670288086,38.44090270996094,277.7796630859375,RUN3
820,820.0,119.4091796875,31.67290687561035,63.250614166259766,19.971359252929688,234.30406188964844,RUN3
830,830.0,186.1649169921875,83.40973663330078,46.38507843017578,39.29150390625,355.251220703125,RUN3
840,840.0,181.85873413085938,90.53069305419922,62.2724723815918,43.20624923706055,377.8681335449219,RUN3
850,850.0,162.04205322265625,40.64781951904297,33.242549896240234,35.78868103027344,271.72113037109375,RUN3
860,860.0,148.01351928710938,52.16687774658203,70.857177734375,41.31589889526367,312.35345458984375,RUN3
870,870.0,159.10447692871094,54.156463623046875,66.40174102783203,30.111576080322266,309.7742614746094,RUN3
880,880.0,126.80274200439453,29.05060577392578,52.030277252197266,31.451629638671875,239.3352508544922,RUN3
890,890.0,136.57266235351562,50.58821487426758,73.67269134521484,31.27564811706543,292.10919189453125,RUN3
900,900.0,140.77305603027344,41.9918212890625,69.38236236572266,34.3669548034668,286.5141906738281,RUN3
910,910.0,147.6572265625,62.13654708862305,74.39000701904297,44.88813400268555,329.0718994140625,RUN3
920,920.0,155.673828125,58.805023193359375,76.34090423583984,34.210304260253906,325.0300598144531,RUN3
930,930.0,152.07701110839844,49.815513610839844,64.5820083618164,31.10101318359375,297.5755310058594,RUN3
940,940.0,139.65594482421875,71.04853820800781,72.68977355957031,23.964216232299805,307.35845947265625,RUN3
950,950.0,0.0,0.0,0.0,0.0,0.0,RUN3
960,960.0,159.52134704589844,51.92332458496094,81.2077407836914,35.19711685180664,327.8495178222656,RUN3
970,970.0,171.01177978515625,39.18766784667969,74.83094024658203,26.9725284576416,312.0029296875,RUN3
980,980.0,148.5789337158203,59.74559783935547,58.91090774536133,36.58966827392578,303.8251037597656,RUN3
990,990.0,151.5291748046875,70.30677795410156,61.20777893066406,38.68754959106445,321.7312927246094,RUN3
1000,1000.0,169.668212890625,75.22786712646484,57.72639083862305,21.59510040283203,324.2175598144531,RUN3
1010,1010.0,177.25680541992188,33.46473693847656,29.992420196533203,38.61095428466797,279.3249206542969,RUN3
1020,1020.0,182.91600036621094,31.337114334106445,27.839807510375977,33.90425491333008,275.9971923828125,RUN3
1030,1030.0,154.4307403564453,64.03707122802734,40.58089828491211,48.73019027709961,307.7789001464844,RUN3
1040,1040.0,143.65383911132812,39.95643997192383,32.15098571777344,50.975372314453125,266.73663330078125,RUN3
1050,1050.0,0.0,0.0,0.0,0.0,0.0,RUN3
1060,1060.0,163.66244506835938,60.612571716308594,65.69059753417969,32.22373580932617,322.1893615722656,RUN3
1070,1070.0,166.1512908935547,49.80538558959961,63.83046340942383,50.91749954223633,330.70465087890625,RUN3
1080,1080.0,158.68673706054688,58.2636604309082,39.77194595336914,41.636051177978516,298.3583984375,RUN3
1090,1090.0,150.45205688476562,72.00697326660156,53.88520812988281,31.06009292602539,307.4043273925781,RUN3
100,100.0,117.71383666992188,130.35597229003906,39.01594161987305,140.03102111816406,427.11676025390625,RUN4
110,110.0,127.84043884277344,104.3116226196289,38.07183074951172,124.22802734375,394.4519348144531,RUN4
120,120.0,180.39691162109375,124.11007690429688,50.85719299316406,141.10321044921875,496.4674072265625,RUN4
130,130.0,187.3874969482422,127.51822662353516,54.230098724365234,147.3370361328125,516.472900390625,RUN4
140,140.0,138.2333221435547,112.11830139160156,51.45872116088867,156.14572143554688,457.9560546875,RUN4
150,150.0,83.78948211669922,156.8728485107422,49.22579574584961,142.9420623779297,432.8302001953125,RUN4
160,160.0,82.77967071533203,157.57601928710938,55.98429870605469,141.18960571289062,437.5295715332031,RUN4
170,170.0,78.1739501953125,161.18028259277344,50.27775192260742,127.81706237792969,417.44903564453125,RUN4
180,180.0,64.91781616210938,162.68765258789062,44.061763763427734,128.3332977294922,400.00054931640625,RUN4
190,190.0,73.87161254882812,155.88059997558594,37.42373275756836,159.78897094726562,426.96490478515625,RUN4
200,200.0,63.56230545043945,157.89596557617188,44.59034729003906,131.60108947753906,397.64971923828125,RUN4
210,210.0,69.08678436279297,147.6732177734375,42.3255729675293,122.49942779541016,381.5849914550781,RUN4
220,220.0,88.68899536132812,159.54586791992188,44.75572967529297,103.8106689453125,396.80126953125,RUN4
230,230.0,74.31085968017578,140.89598083496094,50.561946868896484,104.54766845703125,370.31646728515625,RUN4
240,240.0,95.75548553466797,143.8790740966797,52.634300231933594,111.22557067871094,403.49444580078125,RUN4
250,250.0,105.7660903930664,161.74481201171875,53.018741607666016,96.61273193359375,417.1423645019531,RUN4
260,260.0,77.24545288085938,138.27218627929688,48.00804138183594,67.51315307617188,331.0388488769531,RUN4
270,270.0,85.73812103271484,149.90615844726562,55.683143615722656,80.69644927978516,372.02386474609375,RUN4
280,280.0,91.41813659667969,157.72161865234375,45.585018157958984,70.97807312011719,365.70281982421875,RUN4
290,290.0,45.00249099731445,143.896728515625,42.24840545654297,71.10980987548828,302.2574157714844,RUN4
300,300.0,56.708152770996094,121.62730407714844,42.437034606933594,93.73448181152344,314.5069580078125,RUN4
310,310.0,72.5553970336914,123.56326293945312,36.1135139465332,88.10504150390625,320.33721923828125,RUN4
320,320.0,79.3964614868164,117.12366485595703,42.33094024658203,73.35272979736328,312.20379638671875,RUN4
330,330.0,84.89564514160156,125.41020202636719,52.62084197998047,94.6572036743164,357.5838928222656,RUN4
340,340.0,101.08531951904297,107.52531433105469,28.80169105529785,78.53961944580078,315.9519348144531,RUN4
350,350.0,88.44828033447266,137.16146850585938,53.89768600463867,78.7698745727539,358.27728271484375,RUN4
360,360.0,77.02349853515625,120.39468383789062,50.89678192138672,97.46566772460938,345.7806396484375,RUN4
370,370.0,90.98231506347656,107.14404296875,33.15721893310547,106.17315673828125,337.45672607421875,RUN4
380,380.0,94.70046997070312,126.08332824707031,44.30772018432617,104.40220642089844,369.49371337890625,RUN4
390,390.0,90.0077133178711,128.51715087890625,38.17555236816406,111.22563171386719,367.92608642578125,RUN4
400,400.0,98.96573638916016,122.29646301269531,37.84618377685547,106.53868103027344,365.6470947265625,RUN4
410,410.0,66.48953247070312,149.84564208984375,49.91386413574219,113.57442474365234,379.8234558105469,RUN4
420,420.0,68.14679718017578,139.54652404785156,61.847068786621094,92.94099426269531,362.48138427734375,RUN4
430,430.0,73.60111999511719,148.10174560546875,41.68875503540039,158.02650451660156,421.41815185546875,RUN4
440,440.0,105.26644897460938,158.76771545410156,43.02821350097656,94.3150863647461,401.3774719238281,RUN4
450,450.0,115.26752471923828,151.42230224609375,54.30339050292969,110.40643310546875,431.399658203125,RUN4
460,460.0,0.0,0.0,0.0,0.0,0.0,RUN4
470,470.0,100.57864379882812,153.887451171875,44.7678337097168,111.05728149414062,410.29119873046875,RUN4
480,480.0,87.36528015136719,147.62542724609375,50.43355178833008,121.45398712158203,406.87823486328125,RUN4
490,490.0,85.6055908203125,151.58399963378906,46.52631378173828,129.509765625,413.2256774902344,RUN4
500,500.0,97.75236511230469,173.5012664794922,52.151153564453125,128.4557342529297,451.86053466796875,RUN4
510,510.0,100.12948608398438,161.43569946289062,37.87816619873047,157.5011444091797,456.94451904296875,RUN4
520,520.0,63.001609802246094,165.2187042236328,41.16875076293945,119.88529968261719,389.27435302734375,RUN4
530,530.0,62.4552001953125,163.4395294189453,41.082149505615234,146.21836853027344,413.19525146484375,RUN4
540,540.0,74.44886779785156,141.69395446777344,39.29817199707031,144.9939422607422,400.4349365234375,RUN4
550,550.0,71.06128692626953,157.27381896972656,54.78770065307617,144.66506958007812,427.7878723144531,RUN4
560,560.0,66.95520782470703,168.28298950195312,42.49113082885742,116.11251831054688,393.8418273925781,RUN4
570,570.0,68.39295959472656,149.2209014892578,62.07132339477539,80.4803466796875,360.16552734375,RUN4
580,580.0,94.0038833618164,121.37620544433594,51.94573211669922,124.2362289428711,391.56207275390625,RUN4
590,590.0,112.47747039794922,141.09213256835938,48.782745361328125,82.3980484008789,384.7503967285156,RUN4
600,600.0,108.74498748779297,144.26901245117188,47.06648635864258,87.95307922363281,388.0335693359375,RUN4
610,610.0,115.68342590332031,147.73056030273438,49.56025314331055,110.15852355957031,423.13275146484375,RUN4
620,620.0,96.17054748535156,136.6842498779297,48.69966506958008,101.62110137939453,383.1755676269531,RUN4
630,630.0,83.983154296875,146.99737548828125,43.372196197509766,143.62937927246094,417.98211669921875,RUN4
640,640.0,107.25886535644531,171.71896362304688,51.6336555480957,118.46110534667969,449.0726318359375,RUN4
650,650.0,80.49317932128906,151.90167236328125,49.31684875488281,113.46100616455078,395.1726989746094,RUN4
660,660.0,92.99395751953125,121.92321014404297,52.30534744262695,109.16726684570312,376.3898010253906,RUN4
670,670.0,96.52035522460938,117.28706359863281,30.579954147338867,123.20767974853516,367.5950622558594,RUN4
680,680.0,98.3329849243164,120.62216186523438,32.64204406738281,108.32354736328125,359.92071533203125,RUN4
690,690.0,103.29393005371094,114.55516815185547,47.81513214111328,102.0955581665039,367.759765625,RUN4
700,700.0,88.27776336669922,151.091796875,50.348236083984375,98.63411712646484,388.3519287109375,RUN4
710,710.0,99.95478057861328,132.2010955810547,47.432403564453125,103.23657989501953,382.8248596191406,RUN4
720,720.0,101.85602569580078,151.38824462890625,46.55464172363281,92.54639434814453,392.34527587890625,RUN4
730,730.0,77.07199096679688,144.29086303710938,37.457210540771484,138.3813018798828,397.20135498046875,RUN4
740,740.0,72.60053253173828,137.8386688232422,48.397003173828125,127.38814544677734,386.224365234375,RUN4
750,750.0,85.76428985595703,136.9299774169922,40.65504837036133,102.14139556884766,365.49072265625,RUN4
760,760.0,122.46521759033203,152.3352813720703,62.991451263427734,77.51615905761719,415.30810546875,RUN4
770,770.0,111.7843246459961,145.5500030517578,55.316524505615234,119.19129943847656,431.8421630859375,RUN4
780,780.0,88.95292663574219,152.0482635498047,54.07696533203125,107.86919403076172,402.9473571777344,RUN4
790,790.0,120.54316711425781,150.32969665527344,46.83612060546875,115.61373138427734,433.3227233886719,RUN4
800,800.0,80.08599853515625,154.00411987304688,47.46583557128906,123.89070892333984,405.4466857910156,RUN4
810,810.0,97.00237274169922,148.13392639160156,52.628578186035156,138.35484313964844,436.11968994140625,RUN4
820,820.0,83.34198760986328,162.68727111816406,63.09342956542969,141.55462646484375,450.67730712890625,RUN4
830,830.0,84.71935272216797,152.20620727539062,46.22066879272461,111.2308349609375,394.3770751953125,RUN4
840,840.0,81.05475616455078,160.02362060546875,45.95671463012695,87.70723724365234,374.7423400878906,RUN4
850,850.0,120.6185073852539,153.9857940673828,53.170467376708984,119.0749282836914,446.8497009277344,RUN4
860,860.0,87.14187622070312,132.50193786621094,33.86675262451172,105.08263397216797,358.59320068359375,RUN4
870,870.0,88.49064636230469,131.62265014648438,44.417877197265625,100.68782806396484,365.2190246582031,RUN4
880,880.0,98.63720703125,132.56729125976562,52.906341552734375,114.6976318359375,398.8084716796875,RUN4
890,890.0,79.80027770996094,148.66683959960938,49.003116607666016,100.78915405273438,378.2593994140625,RUN4
900,900.0,87.65531921386719,144.34939575195312,50.134552001953125,124.9363784790039,407.0756530761719,RUN4
910,910.0,77.47000122070312,149.11489868164062,49.595516204833984,135.6543426513672,411.83477783203125,RUN4
920,920.0,82.47820281982422,160.12208557128906,59.493141174316406,73.21973419189453,375.3131408691406,RUN4
930,930.0,94.81370544433594,134.8421630859375,46.54167938232422,121.12722778320312,397.32476806640625,RUN4
940,940.0,70.822998046875,147.8410186767578,44.4188117980957,100.06440734863281,363.147216796875,RUN4
950,950.0,112.53091430664062,126.6539306640625,48.33306121826172,107.20259857177734,394.72052001953125,RUN4
960,960.0,86.33538055419922,141.94119262695312,52.3982048034668,112.58241271972656,393.2572021484375,RUN4
970,970.0,68.48420715332031,157.60092163085938,62.03889846801758,111.28604125976562,399.4100646972656,RUN4
980,980.0,55.09351348876953,141.30850219726562,60.15336608886719,124.5992660522461,381.1546325683594,RUN4
990,990.0,85.95596313476562,140.96449279785156,42.862911224365234,137.79246520996094,407.5758056640625,RUN4
1000,1000.0,85.53568267822266,135.1837921142578,50.83208084106445,81.68779754638672,353.2393798828125,RUN4
1010,1010.0,90.9868392944336,153.80801391601562,44.571128845214844,80.41484069824219,369.78082275390625,RUN4
1020,1020.0,85.60638427734375,154.19117736816406,52.42221450805664,84.1065444946289,376.3263244628906,RUN4
1030,1030.0,105.33578491210938,145.4279327392578,41.0961799621582,62.895233154296875,354.755126953125,RUN4
1040,1040.0,97.48574829101562,143.088623046875,34.0864372253418,99.5872573852539,374.248046875,RUN4
1050,1050.0,109.3623275756836,127.41465759277344,76.20530700683594,95.14872741699219,408.13104248046875,RUN4
1060,1060.0,87.23790740966797,147.20533752441406,50.37065124511719,80.7135009765625,365.52740478515625,RUN4
1070,1070.0,88.68836975097656,120.56758117675781,40.63703918457031,78.51119995117188,328.4041748046875,RUN4
1080,1080.0,100.74333953857422,114.31755828857422,33.9333610534668,101.92643737792969,350.92071533203125,RUN4
1090,1090.0,94.89569854736328,126.96255493164062,30.064809799194336,76.01549530029297,327.93853759765625,RUN4
100,100.0,233.5737762451172,183.98309326171875,101.25238800048828,165.72337341308594,684.5326538085938,RUN5
110,110.0,171.92657470703125,214.7426300048828,33.98381805419922,136.72122192382812,557.374267578125,RUN5
120,120.0,150.51353454589844,210.67843627929688,45.91859817504883,81.37083435058594,488.48138427734375,RUN5
130,130.0,174.0757598876953,211.4012908935547,96.07630157470703,119.09928131103516,600.6526489257812,RUN5
140,140.0,223.23355102539062,213.75184631347656,107.3481674194336,77.86042022705078,622.1939697265625,RUN5
150,150.0,0.0,0.0,0.0,0.0,0.0,RUN5
160,160.0,229.10606384277344,189.2958984375,97.5296630859375,147.7372589111328,663.6688842773438,RUN5
170,170.0,250.08604431152344,170.2307586669922,65.37194061279297,63.91256332397461,549.601318359375,RUN5
180,180.0,263.84210205078125,119.85386657714844,53.97157669067383,72.323486328125,509.9910583496094,RUN5
190,190.0,246.11170959472656,127.7352294921875,71.93795013427734,67.25563049316406,513.04052734375,RUN5
200,200.0,255.14535522460938,129.38711547851562,63.14641189575195,38.73094177246094,486.40985107421875,RUN5
210,210.0,223.8201141357422,80.5008544921875,42.96498489379883,54.859100341796875,402.14508056640625,RUN5
220,220.0,264.4961853027344,144.6918182373047,72.46372985839844,73.04742431640625,554.6991577148438,RUN5
230,230.0,170.1475372314453,83.67510986328125,32.22982406616211,70.54093170166016,356.5933837890625,RUN5
240,240.0,127.61260223388672,150.69894409179688,32.706459045410156,60.8503532409668,371.86834716796875,RUN5
250,250.0,91.48528289794922,156.3263702392578,40.228153228759766,69.64287567138672,357.68267822265625,RUN5
260,260.0,91.90924072265625,146.550048828125,26.28400421142578,54.41530227661133,319.1585998535156,RUN5
270,270.0,128.03659057617188,143.81253051757812,19.662506103515625,54.007965087890625,345.51959228515625,RUN5
280,280.0,149.8234405517578,131.9968719482422,18.398181915283203,50.99943923950195,351.21795654296875,RUN5
290,290.0,188.0919647216797,136.760009765625,27.007431030273438,55.994815826416016,407.854248046875,RUN5
300,300.0,205.92913818359375,74.67996978759766,57.016448974609375,44.22439956665039,381.8499450683594,RUN5
310,310.0,166.06568908691406,57.30215835571289,46.795814514160156,40.369110107421875,310.53277587890625,RUN5
320,320.0,202.55816650390625,113.833740234375,47.43605422973633,50.01414489746094,413.84210205078125,RUN5
330,330.0,197.7830047607422,71.22017669677734,42.208011627197266,99.11016082763672,410.32135009765625,RUN5
340,340.0,255.00140380859375,76.77430725097656,47.6457405090332,76.03627014160156,455.45770263671875,RUN5
350,350.0,210.72293090820312,74.76350402832031,60.98432540893555,56.60524368286133,403.0760192871094,RUN5
360,360.0,188.18231201171875,70.806396484375,64.81059265136719,65.41869354248047,389.218017578125,RUN5
370,370.0,228.27963256835938,73.24263000488281,49.431522369384766,58.62574768066406,409.57952880859375,RUN5
380,380.0,168.09024047851562,79.81819915771484,66.99016571044922,59.90010070800781,374.7987060546875,RUN5
390,390.0,194.6140899658203,81.94420623779297,53.74700927734375,56.57994079589844,386.88525390625,RUN5
400,400.0,210.86492919921875,75.63236236572266,63.810569763183594,56.20755386352539,406.5154113769531,RUN5
410,410.0,179.2947235107422,113.85588836669922,54.88512420654297,63.864166259765625,411.89990234375,RUN5
420,420.0,176.00274658203125,123.86021423339844,36.69850158691406,75.54949188232422,412.1109619140625,RUN5
430,430.0,179.5137939453125,108.34021759033203,49.69483184814453,72.60728454589844,410.1561279296875,RUN5
440,440.0,220.20779418945312,72.23931884765625,53.40617370605469,60.43888473510742,406.2921447753906,RUN5
450,450.0,215.3074493408203,71.81414031982422,51.04747009277344,42.22175216674805,380.39080810546875,RUN5
460,460.0,225.5824737548828,99.91551971435547,53.64575958251953,51.815147399902344,430.9588928222656,RUN5
470,470.0,228.98890686035156,89.10322570800781,63.28800964355469,40.25697708129883,421.6371154785156,RUN5
480,480.0,174.1595916748047,79.25413513183594,53.901309967041016,76.522216796875,383.8372497558594,RUN5
490,490.0,221.0876922607422,75.11725616455078,46.850563049316406,63.4169921875,406.4725036621094,RUN5
500,500.0,136.8734130859375,86.25617980957031,55.180519104003906,66.09741973876953,344.40753173828125,RUN5
510,510.0,209.26785278320312,76.16846466064453,55.63365173339844,57.9353141784668,399.0052490234375,RUN5
520,520.0,206.4665985107422,83.1431884765625,51.8115348815918,52.13608169555664,393.5574035644531,RUN5
530,530.0,192.9654083251953,62.898277282714844,39.46645736694336,57.1927490234375,352.52288818359375,RUN5
540,540.0,208.95347595214844,81.25606536865234,42.70182418823242,57.2904167175293,390.2017517089844,RUN5
550,550.0,205.55020141601562,105.98292541503906,53.99421310424805,60.477359771728516,426.00469970703125,RUN5
560,560.0,110.92996215820312,65.0987548828125,69.07384490966797,55.69065856933594,300.793212890625,RUN5
570,570.0,94.56388092041016,60.659400939941406,49.40300750732422,55.97614669799805,260.6024169921875,RUN5
580,580.0,112.38873291015625,149.11500549316406,49.79188537597656,44.4552116394043,355.75079345703125,RUN5
590,590.0,143.4966278076172,79.92057800292969,57.242618560791016,55.87943649291992,336.53924560546875,RUN5
600,600.0,192.9546356201172,115.86582946777344,68.64276123046875,45.254215240478516,422.7174377441406,RUN5
610,610.0,167.52975463867188,97.62876892089844,65.3234634399414,60.04056167602539,390.52252197265625,RUN5
620,620.0,250.6419677734375,113.21945190429688,65.0539779663086,48.20029067993164,477.1156921386719,RUN5
630,630.0,245.2514190673828,66.87598419189453,38.42066955566406,45.960323333740234,396.5084228515625,RUN5
640,640.0,201.8044891357422,172.31329345703125,42.87492370605469,67.01597595214844,484.00872802734375,RUN5
650,650.0,228.53236389160156,119.16292572021484,54.99745559692383,83.0043716430664,485.6971130371094,RUN5
660,660.0,178.7578582763672,138.68368530273438,49.883548736572266,54.360572814941406,421.6856384277344,RUN5
670,670.0,0.0,0.0,0.0,0.0,0.0,RUN5
680,680.0,218.21043395996094,82.12608337402344,55.126953125,58.15268325805664,413.61614990234375,RUN5
690,690.0,220.34962463378906,63.64983367919922,46.01499938964844,57.57820129394531,387.5926513671875,RUN5
700,700.0,161.6294403076172,85.9251937866211,40.02091979980469,72.06197357177734,359.6375427246094,RUN5
710,710.0,143.3334503173828,70.44469451904297,51.945640563964844,76.1801528930664,341.9039306640625,RUN5
720,720.0,116.67802429199219,80.13844299316406,47.45307159423828,75.88558197021484,320.1551208496094,RUN5
730,730.0,182.03121948242188,85.21234130859375,45.442344665527344,66.77572631835938,379.4616394042969,RUN5
740,740.0,221.2890167236328,84.79335021972656,56.41017150878906,82.50416564941406,444.9967041015625,RUN5
750,750.0,246.2760009765625,75.3555679321289,75.01728820800781,63.195472717285156,459.8443298339844,RUN5
760,760.0,208.6622314453125,64.40424346923828,46.668190002441406,71.57170867919922,391.3063659667969,RUN5
770,770.0,211.70738220214844,64.078125,75.8785629272461,52.75605773925781,404.420166015625,RUN5
780,780.0,0.0,0.0,0.0,0.0,0.0,RUN5
790,790.0,230.57496643066406,77.29786682128906,29.827993392944336,45.66965866088867,383.3704833984375,RUN5
800,800.0,211.5866241455078,64.35851287841797,25.99518585205078,56.97783279418945,358.91815185546875,RUN5
810,810.0,213.87405395507812,67.75897979736328,22.678550720214844,54.950321197509766,359.26190185546875,RUN5
820,820.0,128.8933563232422,69.3642578125,30.517976760864258,45.84400177001953,274.6195983886719,RUN5
830,830.0,137.6162567138672,54.88970184326172,28.374624252319336,56.74662780761719,277.627197265625,RUN5
840,840.0,150.47337341308594,54.0299072265625,27.328767776489258,56.29018020629883,288.1222229003906,RUN5
850,850.0,172.5618438720703,99.76378631591797,18.386442184448242,58.92466354370117,349.63671875,RUN5
860,860.0,202.38616943359375,82.82879638671875,39.631874084472656,48.79555130004883,373.64239501953125,RUN5
870,870.0,210.18130493164062,68.66629791259766,31.24946403503418,50.588279724121094,360.6853332519531,RUN5
880,880.0,223.9851531982422,59.11569595336914,27.731544494628906,48.6063232421875,359.438720703125,RUN5
890,890.0,178.00491333007812,32.44109344482422,32.87980270385742,52.18751525878906,295.5133361816406,RUN5
900,900.0,201.50914001464844,38.832637786865234,27.11801528930664,61.38508987426758,328.84490966796875,RUN5
910,910.0,158.763427734375,33.44461441040039,35.41209030151367,57.368927001953125,284.98907470703125,RUN5
920,920.0,136.81781005859375,56.59211730957031,37.99259948730469,46.67231369018555,278.0748291015625,RUN5
930,930.0,201.06103515625,61.818359375,38.46131896972656,46.269493103027344,347.6101989746094,RUN5
940,940.0,220.88441467285156,74.29845428466797,28.534019470214844,48.852813720703125,372.5697021484375,RUN5
950,950.0,202.0806121826172,40.92278289794922,19.187597274780273,48.071720123291016,310.2626953125,RUN5
960,960.0,172.08123779296875,38.060577392578125,12.566632270812988,62.89703369140625,285.60546875,RUN5
970,970.0,162.17723083496094,36.75376892089844,18.493976593017578,55.472137451171875,272.8970947265625,RUN5
980,980.0,168.57139587402344,20.409223556518555,14.067524909973145,57.944149017333984,260.9922790527344,RUN5
990,990.0,189.2288055419922,29.18703269958496,28.061315536499023,59.5306510925293,306.0077819824219,RUN5
1000,1000.0,192.8065948486328,52.8475227355957,16.457294464111328,55.90264129638672,318.0140686035156,RUN5
1010,1010.0,203.7936248779297,65.77664184570312,16.364444732666016,53.94298553466797,339.877685546875,RUN5
1020,1020.0,155.04489135742188,56.01516342163086,12.996471405029297,49.83152389526367,273.8880615234375,RUN5
1030,1030.0,161.9723663330078,107.09523010253906,16.587705612182617,52.484107971191406,338.139404296875,RUN5
1040,1040.0,97.17436218261719,121.83451843261719,21.69095230102539,20.67145347595215,261.37127685546875,RUN5
1050,1050.0,152.96829223632812,183.2073974609375,30.312335968017578,74.12667083740234,440.6147155761719,RUN5
1060,1060.0,184.02322387695312,136.86968994140625,27.908145904541016,55.95799255371094,404.759033203125,RUN5
1070,1070.0,242.7970428466797,153.8285675048828,23.303279876708984,45.73322677612305,465.662109375,RUN5
1080,1080.0,210.3832550048828,156.98910522460938,18.619815826416016,62.06725311279297,448.0594482421875,RUN5
1090,1090.0,223.754638671875,132.10948181152344,8.549262046813965,25.130224227905273,389.5436096191406,RUN5
