frame,time_ps,L:SEP856,L:SEP857,L:SEP859,L:TPO860,total_sasa_angstrom2,run_id
100,100.0,61.781829833984375,81.08785247802734,33.98298263549805,62.54942321777344,239.402099609375,RUN1
110,110.0,65.18658447265625,98.18904876708984,30.925952911376953,69.44507598876953,263.7466735839844,RUN1
120,120.0,67.9880142211914,96.45433044433594,45.6700325012207,59.18476104736328,269.2971496582031,RUN1
130,130.0,120.64372253417969,70.35987091064453,35.13121795654297,77.66719055175781,303.802001953125,RUN1
140,140.0,50.88530731201172,95.54742431640625,86.6481704711914,47.34421157836914,280.42510986328125,RUN1
150,150.0,37.25389099121094,85.92730712890625,67.69387817382812,29.234439849853516,220.10951232910156,RUN1
160,160.0,54.913246154785156,155.7579803466797,72.10736846923828,83.92790222167969,366.70648193359375,RUN1
170,170.0,72.29026794433594,95.52894592285156,88.1175765991211,56.35882568359375,312.2956237792969,RUN1
180,180.0,88.01326751708984,111.79623413085938,87.58851623535156,74.07427215576172,361.4722900390625,RUN1
190,190.0,54.07782745361328,93.8663330078125,73.35038757324219,53.530521392822266,274.8250732421875,RUN1
200,200.0,0.0,0.0,0.0,0.0,0.0,RUN1
210,210.0,63.033138275146484,89.82667541503906,80.20377349853516,49.59805679321289,282.6616516113281,RUN1
220,220.0,40.87199401855469,85.60387420654297,93.1221923828125,43.263771057128906,262.86181640625,RUN1
230,230.0,37.00856399536133,99.69832611083984,89.1230697631836,56.001495361328125,281.8314514160156,RUN1
240,240.0,41.6445426940918,87.82080078125,94.78153991699219,48.74142837524414,272.9883117675781,RUN1
250,250.0,26.538043975830078,93.10733795166016,92.09941864013672,46.20784378051758,257.9526672363281,RUN1
260,260.0,50.69054412841797,91.2589111328125,94.83338928222656,44.09267044067383,280.8755187988281,RUN1
270,270.0,45.98784637451172,89.02543640136719,89.1498794555664,42.346195220947266,266.50933837890625,RUN1
280,280.0,144.5608673095703,68.57579040527344,89.03931427001953,63.67327117919922,365.8492431640625,RUN1
290,290.0,82.92581939697266,41.9471549987793,88.34734344482422,95.59391021728516,308.814208984375,RUN1
300,300.0,77.50286865234375,39.98352813720703,70.33744049072266,77.96648406982422,265.7903137207031,RUN1
310,310.0,74.30520629882812,41.67169189453125,88.06645202636719,14.877876281738281,218.92123413085938,RUN1
320,320.0,93.6392822265625,50.00041580200195,95.67030334472656,60.006065368652344,299.3160705566406,RUN1
330,330.0,83.35932922363281,51.94875717163086,87.54569244384766,70.32330322265625,293.1770935058594,RUN1
340,340.0,156.6881561279297,39.56779098510742,97.08782196044922,61.947166442871094,355.29095458984375,RUN1
350,350.0,71.76248168945312,36.47163391113281,87.1395492553711,38.33945083618164,233.71310424804688,RUN1
360,360.0,90.78422546386719,78.90735626220703,90.85804748535156,61.860740661621094,322.4103698730469,RUN1
370,370.0,48.542179107666016,158.4962158203125,92.51171112060547,33.55231857299805,333.1024169921875,RUN1
380,380.0,54.550392150878906,122.71808624267578,84.2610855102539,41.615901947021484,303.1454772949219,RUN1
390,390.0,69.44019317626953,124.37535858154297,85.09222412109375,35.54020690917969,314.447998046875,RUN1
400,400.0,78.68317413330078,88.538330078125,73.05615234375,49.170345306396484,289.447998046875,RUN1
410,410.0,110.82040405273438,62.647674560546875,69.9691390991211,58.814125061035156,302.2513427734375,RUN1
420,420.0,104.36819458007812,55.739044189453125,74.94183349609375,52.70011901855469,287.74920654296875,RUN1
430,430.0,44.68573760986328,80.33592224121094,83.11176300048828,48.460594177246094,256.5940246582031,RUN1
440,440.0,50.81113052368164,141.69805908203125,78.9098129272461,49.336605072021484,320.755615234375,RUN1
450,450.0,43.94341278076172,91.16056060791016,77.42598724365234,58.903343200683594,271.4333190917969,RUN1
460,460.0,60.36109924316406,68.92578887939453,66.81420135498047,45.062477111816406,241.16357421875,RUN1
470,470.0,81.16841888427734,69.60095977783203,75.28372192382812,91.54753875732422,317.60064697265625,RUN1
480,480.0,48.02565383911133,101.86447143554688,80.12570190429688,83.34333038330078,313.3591613769531,RUN1
490,490.0,65.65736389160156,94.18083190917969,74.98772430419922,80.76116180419922,315.58709716796875,RUN1
500,500.0,55.29745101928711,64.80207061767578,78.11717224121094,69.1284408569336,267.3451232910156,RUN1
510,510.0,42.34151840209961,62.24449920654297,100.11636352539062,49.883331298828125,254.58570861816406,RUN1
520,520.0,54.640525817871094,68.04293060302734,96.6317138671875,67.1680679321289,286.4832458496094,RUN1
530,530.0,61.550514221191406,42.489593505859375,70.34649658203125,67.81977081298828,242.20635986328125,RUN1
540,540.0,39.351402282714844,48.26177978515625,96.5185775756836,52.666046142578125,236.7978057861328,RUN1
550,550.0,53.1695442199707,64.7180404663086,98.9371109008789,82.75495147705078,299.57965087890625,RUN1
560,560.0,47.072242736816406,46.89946365356445,95.42296600341797,66.71863555908203,256.1133117675781,RUN1
570,570.0,23.885791778564453,47.703495025634766,88.76213836669922,67.27571105957031,227.62713623046875,RUN1
580,580.0,31.93516731262207,44.01961135864258,105.95146179199219,63.574363708496094,245.48062133789062,RUN1
590,590.0,62.489253997802734,34.94993591308594,97.91248321533203,84.60819244384766,279.9598693847656,RUN1
600,600.0,52.62736511230469,61.460899353027344,80.75859832763672,86.8426742553711,281.6895446777344,RUN1
610,610.0,100.28922271728516,46.54051208496094,87.13754272460938,82.23697662353516,316.2042541503906,RUN1
620,620.0,48.84136199951172,59.16766357421875,106.33859252929688,44.812095642089844,259.15972900390625,RUN1
630,630.0,0.0,0.0,0.0,0.0,0.0,RUN1
640,640.0,70.54842376708984,71.1600570678711,97.1330795288086,52.221649169921875,291.0632019042969,RUN1
650,650.0,57.214935302734375,93.00619506835938,75.42711639404297,59.65560531616211,285.3038635253906,RUN1
660,660.0,53.19956588745117,70.13545989990234,69.05892944335938,75.58016204833984,267.97412109375,RUN1
670,670.0,59.98095703125,77.91559600830078,95.95950317382812,66.64089965820312,300.4969482421875,RUN1
680,680.0,37.52198791503906,60.23381805419922,84.36114501953125,51.568572998046875,233.68551635742188,RUN1
690,690.0,67.33358764648438,85.71927642822266,88.16911315917969,48.77776336669922,289.9997253417969,RUN1
700,700.0,53.034244537353516,84.96217346191406,76.69132995605469,53.292701721191406,267.9804382324219,RUN1
710,710.0,49.556846618652344,71.43555450439453,83.25293731689453,55.232154846191406,259.47747802734375,RUN1
720,720.0,69.09783935546875,101.79273223876953,92.21585083007812,51.08150100708008,314.18792724609375,RUN1
730,730.0,71.5403823852539,91.43411254882812,83.5309829711914,65.16305541992188,311.66851806640625,RUN1
740,740.0,68.71598052978516,76.82929992675781,69.61788940429688,43.862876892089844,259.02606201171875,RUN1
750,750.0,45.94539260864258,96.26656341552734,80.96581268310547,42.226646423339844,265.4044189453125,RUN1
760,760.0,43.98311233520508,120.89334869384766,76.58121490478516,91.74534606933594,333.2030029296875,RUN1
770,770.0,28.862316131591797,41.86298751831055,68.91462707519531,94.15189361572266,233.79180908203125,RUN1
780,780.0,25.154647827148438,42.467063903808594,76.17742156982422,87.03955841064453,230.83868408203125,RUN1
790,790.0,23.005325317382812,30.109981536865234,77.10601043701172,71.6199722290039,201.84127807617188,RUN1
800,800.0,30.5759334564209,28.144729614257812,78.1258544921875,80.6351318359375,217.48165893554688,RUN1
810,810.0,29.676443099975586,55.175228118896484,89.53255462646484,63.2096061706543,237.5938262939453,RUN1
820,820.0,17.35643196105957,38.51827621459961,92.17949676513672,84.91165924072266,232.96585083007812,RUN1
830,830.0,18.41646385192871,44.18302536010742,83.42884826660156,100.52398681640625,246.5523223876953,RUN1
840,840.0,10.9796781539917,43.209171295166016,66.513916015625,86.85935974121094,207.5621337890625,RUN1
850,850.0,9.07640266418457,53.869384765625,89.65409851074219,83.02732849121094,235.62721252441406,RUN1
860,860.0,28.217012405395508,36.8115348815918,77.07097625732422,94.1529541015625,236.25247192382812,RUN1
870,870.0,37.97925567626953,29.551359176635742,75.19515991210938,109.69755554199219,252.42332458496094,RUN1
880,880.0,24.680557250976562,26.923442840576172,84.80604553222656,34.25440979003906,170.66445922851562,RUN1
890,890.0,31.425132751464844,39.89502716064453,73.8937759399414,98.08969116210938,243.30361938476562,RUN1
900,900.0,41.90593719482422,52.0947151184082,82.80826568603516,91.494140625,268.3030700683594,RUN1
910,910.0,31.921106338500977,27.85019302368164,70.80426788330078,100.61024475097656,231.18580627441406,RUN1
920,920.0,47.73973083496094,44.04441452026367,96.18275451660156,88.78811645507812,276.7550048828125,RUN1
930,930.0,33.27375411987305,20.92327117919922,70.878662109375,80.13232421875,205.2080078125,RUN1
940,940.0,35.21693801879883,6.992326736450195,94.82190704345703,72.81153106689453,209.84271240234375,RUN1
950,950.0,53.05683517456055,37.21713638305664,83.27392578125,111.0543212890625,284.60223388671875,RUN1
960,960.0,39.254154205322266,25.385746002197266,81.0619125366211,114.86528778076172,260.5671081542969,RUN1
970,970.0,33.730167388916016,48.885982513427734,69.1474838256836,114.26285552978516,266.0264892578125,RUN1
980,980.0,40.67387771606445,52.230506896972656,90.67814636230469,73.25160217285156,256.8341369628906,RUN1
990,990.0,31.596881866455078,40.16397476196289,76.75823211669922,80.81593322753906,229.33502197265625,RUN1
1000,1000.0,41.67433166503906,32.85873031616211,74.73554992675781,93.52277374267578,242.7913818359375,RUN1
1010,1010.0,40.423099517822266,68.96092224121094,91.85780334472656,100.50208282470703,301.743896484375,RUN1
1020,1020.0,42.43375778198242,54.00074005126953,99.28055572509766,67.02775573730469,262.7427978515625,RUN1
1030,1030.0,57.88282775878906,51.12300491333008,84.902587890625,92.71875762939453,286.6271667480469,RUN1
1040,1040.0,54.64447784423828,45.44546127319336,91.5645751953125,91.47010040283203,283.1246032714844,RUN1
1050,1050.0,42.35993194580078,58.58585739135742,96.28739929199219,94.30486297607422,291.5380554199219,RUN1
1060,1060.0,29.901304244995117,60.39920425415039,84.55280303955078,49.78638458251953,224.63967895507812,RUN1
1070,1070.0,29.59038543701172,73.715576171875,83.39895629882812,83.31938934326172,270.0243225097656,RUN1
1080,1080.0,29.52130126953125,57.25835037231445,78.80076599121094,84.22950744628906,249.80992126464844,RUN1
1090,1090.0,40.7704963684082,73.33959197998047,93.45884704589844,102.47964477539062,310.048583984375,RUN1
100,100.0,197.22061157226562,10.044927597045898,57.016788482666016,69.4548568725586,333.7371826171875,RUN2
110,110.0,204.07423400878906,19.4465274810791,49.84770202636719,69.55310821533203,342.92156982421875,RUN2
120,120.0,203.5030059814453,27.59145164489746,45.1815071105957,65.86498260498047,342.1409606933594,RUN2
130,130.0,188.293701171875,22.240957260131836,58.66878128051758,70.98502349853516,340.1884460449219,RUN2
140,140.0,164.86524963378906,25.314119338989258,57.31048583984375,80.23240661621094,327.7222595214844,RUN2
150,150.0,208.3295135498047,24.901309967041016,52.84928512573242,66.76982879638672,352.8499450683594,RUN2
160,160.0,177.78317260742188,43.064083099365234,51.65021514892578,44.75570297241211,317.253173828125,RUN2
170,170.0,188.2052001953125,36.85686492919922,50.75160217285156,56.066532135009766,331.88018798828125,RUN2
180,180.0,217.57635498046875,41.92780685424805,49.73786544799805,56.0978889465332,365.33990478515625,RUN2
190,190.0,181.7804412841797,32.85479736328125,48.20192337036133,43.8012580871582,306.638427734375,RUN2
200,200.0,204.0202178955078,33.79081344604492,44.55236053466797,55.29047393798828,337.65386962890625,RUN2
210,210.0,169.82769775390625,37.621341705322266,58.39728546142578,45.42939758300781,311.27569580078125,RUN2
220,220.0,207.9759521484375,28.75136375427246,51.812110900878906,46.14841079711914,334.6878356933594,RUN2
230,230.0,187.04185485839844,33.98143005371094,57.82033920288086,48.02119064331055,326.86480712890625,RUN2
240,240.0,184.1472930908203,35.34990692138672,61.14432907104492,51.83536911010742,332.47686767578125,RUN2
250,250.0,151.4917449951172,37.14033508300781,46.72958755493164,59.88075637817383,295.242431640625,RUN2
260,260.0,191.251708984375,28.912158966064453,50.673274993896484,92.28590393066406,363.123046875,RUN2
270,270.0,173.2623748779297,20.99867820739746,37.73653030395508,94.20988464355469,326.20745849609375,RUN2
280,280.0,202.02029418945312,28.247652053833008,37.09919357299805,94.0508041381836,361.4179382324219,RUN2
290,290.0,163.65660095214844,28.228933334350586,43.58836364746094,104.08067321777344,339.5545654296875,RUN2
300,300.0,190.6822967529297,20.28590965270996,48.83359909057617,101.1635513305664,360.96533203125,RUN2
310,310.0,222.7427520751953,28.479995727539062,40.11444854736328,91.05950164794922,382.3966979980469,RUN2
320,320.0,166.24972534179688,33.01739501953125,86.98674774169922,118.04460144042969,404.2984619140625,RUN2
330,330.0,175.082763671875,37.9793701171875,69.70561981201172,90.35842895507812,373.1261901855469,RUN2
340,340.0,139.7508544921875,25.86559295654297,47.607059478759766,105.60673522949219,318.83026123046875,RUN2
350,350.0,56.46635437011719,27.507186889648438,30.8804874420166,88.02766418457031,202.88168334960938,RUN2
360,360.0,120.40547180175781,23.875612258911133,67.1124496459961,108.82259368896484,320.21612548828125,RUN2
370,370.0,176.81837463378906,18.40894889831543,73.66592407226562,99.69620513916016,368.5894470214844,RUN2
380,380.0,162.17440795898438,19.359081268310547,54.06529998779297,105.03618621826172,340.6349792480469,RUN2
390,390.0,173.99070739746094,10.72294807434082,49.27062225341797,105.06549072265625,339.0497741699219,RUN2
400,400.0,136.3725128173828,69.82402801513672,52.03950500488281,95.92418670654297,354.16021728515625,RUN2
410,410.0,179.52508544921875,84.3197021484375,67.63744354248047,113.20970153808594,444.69195556640625,RUN2
420,420.0,181.32125854492188,27.954345703125,21.846242904663086,92.88459777832031,324.0064392089844,RUN2
430,430.0,170.81590270996094,46.719871520996094,44.302818298339844,97.66580200195312,359.50439453125,RUN2
440,440.0,176.534912109375,95.05418395996094,58.044891357421875,96.60638427734375,426.2403869628906,RUN2
450,450.0,184.38050842285156,72.40689849853516,56.21875,96.55967712402344,409.56585693359375,RUN2
460,460.0,163.87796020507812,62.941741943359375,45.97640609741211,91.88729095458984,364.68341064453125,RUN2
470,470.0,152.63636779785156,64.5785903930664,65.22076416015625,100.04484558105469,382.4805908203125,RUN2
480,480.0,137.69845581054688,62.577850341796875,35.434967041015625,112.54756164550781,348.25885009765625,RUN2
490,490.0,146.82167053222656,49.556827545166016,44.9320182800293,103.79920959472656,345.1097412109375,RUN2
500,500.0,172.90353393554688,54.77846908569336,51.362693786621094,77.18761444091797,356.2323303222656,RUN2
510,510.0,167.1227264404297,45.970558166503906,57.915584564208984,104.09198760986328,375.1008605957031,RUN2
520,520.0,193.15509033203125,62.37459182739258,54.17133712768555,89.37161254882812,399.0726318359375,RUN2
530,530.0,130.83029174804688,26.611003875732422,32.98776626586914,89.87530517578125,280.30438232421875,RUN2
540,540.0,158.45828247070312,25.116533279418945,58.966861724853516,85.90127563476562,328.44293212890625,RUN2
550,550.0,161.7901611328125,11.6229887008667,48.50870895385742,113.66282653808594,335.5846862792969,RUN2
560,560.0,158.3172607421875,44.233177185058594,72.96202850341797,102.24024963378906,377.75274658203125,RUN2
570,570.0,167.29901123046875,25.778419494628906,69.07689666748047,86.32315826416016,348.47747802734375,RUN2
580,580.0,146.44235229492188,57.60220718383789,61.38798141479492,95.00436401367188,360.4368896484375,RUN2
590,590.0,144.4278564453125,39.89768981933594,63.85833740234375,76.24592590332031,324.4298095703125,RUN2
600,600.0,163.65484619140625,58.4513053894043,57.996028900146484,117.71977233886719,397.82196044921875,RUN2
610,610.0,211.48422241210938,55.530948638916016,38.8237190246582,106.71524810791016,412.55413818359375,RUN2
620,620.0,220.18251037597656,25.124221801757812,30.828184127807617,84.862060546875,360.9969787597656,RUN2
630,630.0,206.00099182128906,81.96137237548828,64.53868865966797,93.95787048339844,446.45892333984375,RUN2
640,640.0,175.1902618408203,60.556053161621094,42.512027740478516,72.48880004882812,350.74713134765625,RUN2
650,650.0,176.62350463867188,47.117401123046875,62.377220153808594,96.96758270263672,383.0857238769531,RUN2
660,660.0,165.1909637451172,54.31181335449219,59.4515266418457,82.94099426269531,361.89532470703125,RUN2
670,670.0,145.16197204589844,52.33740997314453,57.59579086303711,97.07931518554688,352.17449951171875,RUN2
680,680.0,194.68722534179688,73.02013397216797,65.3340072631836,84.39037322998047,417.4317626953125,RUN2
690,690.0,150.99343872070312,32.77286148071289,28.5341854095459,94.34469604492188,306.6451721191406,RUN2
700,700.0,0.0,0.0,0.0,0.0,0.0,RUN2
710,710.0,157.6084442138672,47.45663833618164,36.86467361450195,80.76043701171875,322.690185546875,RUN2
720,720.0,161.90029907226562,21.235319137573242,49.52330017089844,103.3540267944336,336.012939453125,RUN2
730,730.0,130.7904510498047,29.298919677734375,39.95563888549805,100.97063446044922,301.0156555175781,RUN2
740,740.0,137.77381896972656,25.5612850189209,34.85346984863281,86.19435119628906,284.3829345703125,RUN2
750,750.0,138.7257843017578,20.215970993041992,34.6912727355957,111.69094848632812,305.323974609375,RUN2
760,760.0,144.94483947753906,23.881649017333984,34.19929122924805,112.05116271972656,315.07696533203125,RUN2
770,770.0,133.7278289794922,18.745651245117188,30.999263763427734,97.08953857421875,280.5622863769531,RUN2
780,780.0,133.18214416503906,20.646921157836914,38.517982482910156,102.38077545166016,294.7278137207031,RUN2
790,790.0,137.38409423828125,16.318822860717773,21.931289672851562,127.82205200195312,303.45623779296875,RUN2
800,800.0,136.1782989501953,23.395231246948242,46.730499267578125,109.80477142333984,316.1087951660156,RUN2
810,810.0,147.27114868164062,26.587749481201172,34.96747589111328,106.9213638305664,315.74774169921875,RUN2
820,820.0,176.10479736328125,18.885841369628906,26.87312889099121,116.27676391601562,338.1405029296875,RUN2
830,830.0,173.2804718017578,24.036880493164062,18.922103881835938,101.21332550048828,317.4527893066406,RUN2
840,840.0,147.64132690429688,16.33578872680664,16.047832489013672,114.59200286865234,294.616943359375,RUN2
850,850.0,136.86053466796875,17.41468048095703,17.21773338317871,123.300537109375,294.79345703125,RUN2
860,860.0,0.0,0.0,0.0,0.0,0.0,RUN2
870,870.0,146.63027954101562,16.434743881225586,16.867311477661133,114.66291809082031,294.5952453613281,RUN2
880,880.0,144.99505615234375,20.994813919067383,26.10985565185547,142.77479553222656,334.87451171875,RUN2
890,890.0,142.79489135742188,17.905420303344727,19.00392723083496,143.25831604003906,322.9625549316406,RUN2
900,900.0,144.96047973632812,10.958253860473633,30.583589553833008,136.7351837158203,323.23748779296875,RUN2
910,910.0,134.77931213378906,11.514029502868652,25.869855880737305,117.54814147949219,289.7113342285156,RUN2
920,920.0,126.47007751464844,16.549030303955078,32.420528411865234,134.29507446289062,309.7347106933594,RUN2
930,930.0,138.2646484375,7.968369960784912,27.264759063720703,120.96525573730469,294.4630126953125,RUN2
940,940.0,146.00608825683594,18.716564178466797,26.787508010864258,123.5498275756836,315.05999755859375,RUN2
950,950.0,154.3788604736328,16.816864013671875,28.554719924926758,132.61688232421875,332.3673095703125,RUN2
960,960.0,142.76605224609375,14.635303497314453,31.86835289001465,113.47465515136719,302.7443542480469,RUN2
970,970.0,148.72964477539062,21.40525245666504,26.980798721313477,135.61456298828125,332.73028564453125,RUN2
980,980.0,141.21253967285156,30.69983673095703,23.030696868896484,139.40956115722656,334.3526611328125,RUN2
990,990.0,126.38838195800781,16.02669906616211,20.60354232788086,141.40655517578125,304.4251708984375,RUN2
1000,1000.0,141.96157836914062,7.870621204376221,27.561798095703125,132.3355712890625,309.72955322265625,RUN2
1010,1010.0,162.0948028564453,33.165924072265625,38.51767349243164,148.92123413085938,382.69964599609375,RUN2
1020,1020.0,123.42743682861328,32.95462417602539,29.554092407226562,126.06851959228516,312.0046691894531,RUN2
1030,1030.0,150.78323364257812,15.768135070800781,25.761550903320312,140.80934143066406,333.12225341796875,RUN2
1040,1040.0,156.2266845703125,25.66797637939453,26.039457321166992,124.42816162109375,332.3622741699219,RUN2
1050,1050.0,174.4627685546875,14.694039344787598,24.502811431884766,106.51567077636719,320.17529296875,RUN2
1060,1060.0,173.84730529785156,56.66440200805664,17.59717559814453,105.8897476196289,353.9986267089844,RUN2
1070,1070.0,202.36048889160156,26.576107025146484,23.423803329467773,130.1453094482422,382.5057067871094,RUN2
1080,1080.0,159.15972900390625,31.481090545654297,32.57270050048828,127.06340789794922,350.2769470214844,RUN2
1090,1090.0,176.6022186279297,18.5267391204834,31.942331314086914,153.6541748046875,380.7254638671875,RUN2
100,100.0,134.44821166992188,84.74247741699219,24.78515625,84.24414825439453,328.2200012207031,RUN3
110,110.0,158.7962646484375,38.27484893798828,22.234783172607422,84.14415740966797,303.4500427246094,RUN3
120,120.0,142.19041442871094,31.499868392944336,18.03737449645996,72.9184341430664,264.6460876464844,RUN3
130,130.0,99.33196258544922,32.1052131652832,22.28328514099121,74.5238037109375,228.2442626953125,RUN3
140,140.0,100.66708374023438,30.198633193969727,23.76372528076172,83.9931869506836,238.62265014648438,RUN3
150,150.0,78.4341049194336,24.06544303894043,20.452600479125977,61.34362030029297,184.2957763671875,RUN3
160,160.0,115.31684112548828,29.582578659057617,16.63486671447754,67.32557678222656,228.85986328125,RUN3
170,170.0,80.66230773925781,33.92436981201172,29.868322372436523,84.21475219726562,228.6697540283203,RUN3
180,180.0,144.13462829589844,24.066808700561523,36.15623474121094,83.69923400878906,288.056884765625,RUN3
190,190.0,102.59378051757812,35.21373748779297,28.199377059936523,82.52360534667969,248.53050231933594,RUN3
200,200.0,125.1186752319336,60.68196105957031,31.872135162353516,90.78459167480469,308.45733642578125,RUN3
210,210.0,131.26390075683594,29.44259262084961,35.66220474243164,65.74308013916016,262.1117858886719,RUN3
220,220.0,129.1092987060547,32.06935119628906,45.701717376708984,71.65839385986328,278.53875732421875,RUN3
230,230.0,167.63458251953125,39.971214294433594,53.107810974121094,93.29624938964844,354.0098876953125,RUN3
240,240.0,108.87185668945312,31.97838592529297,46.36215591430664,94.01880645751953,281.231201171875,RUN3
250,250.0,136.9301300048828,24.546661376953125,38.73685073852539,104.60737609863281,304.8210144042969,RUN3
260,260.0,114.95442199707031,40.53157424926758,46.06074523925781,111.44974517822266,312.9964904785156,RUN3
270,270.0,87.57813262939453,85.97685241699219,39.57200241088867,113.95696258544922,327.0839538574219,RUN3
280,280.0,199.38116455078125,60.131317138671875,41.4294319152832,114.01319885253906,414.95513916015625,RUN3
290,290.0,122.10931396484375,100.9602279663086,42.13893508911133,86.62765502929688,351.8361511230469,RUN3
300,300.0,145.92807006835938,100.12419128417969,37.36212921142578,114.60323333740234,398.01763916015625,RUN3
310,310.0,151.1058807373047,92.56734466552734,41.35502624511719,111.30023956298828,396.3284912109375,RUN3
320,320.0,129.8811492919922,120.14545440673828,57.133460998535156,106.36709594726562,413.52716064453125,RUN3
330,330.0,156.89707946777344,94.13130950927734,33.92816925048828,91.57806396484375,376.53460693359375,RUN3
340,340.0,177.58578491210938,122.26730346679688,61.55926513671875,121.84978485107422,483.26214599609375,RUN3
350,350.0,105.41472625732422,102.5212631225586,45.284461975097656,89.00262451171875,342.22308349609375,RUN3
360,360.0,113.29288482666016,92.9478759765625,45.747650146484375,104.22899627685547,356.2174072265625,RUN3
370,370.0,116.5634536743164,95.78986358642578,51.35563659667969,99.64492797851562,363.3538818359375,RUN3
380,380.0,150.3192138671875,86.08934020996094,46.5261344909668,131.4772491455078,414.41192626953125,RUN3
390,390.0,166.96774291992188,46.251670837402344,54.060733795166016,135.45281982421875,402.73297119140625,RUN3
400,400.0,133.4709930419922,61.62297058105469,48.061309814453125,121.30104064941406,364.456298828125,RUN3
410,410.0,198.30606079101562,106.73224639892578,54.9973258972168,85.41061401367188,445.44622802734375,RUN3
420,420.0,106.73314666748047,82.2395248413086,48.252601623535156,137.73114013671875,374.9564208984375,RUN3
430,430.0,152.6326446533203,48.92755889892578,42.8084716796875,118.88531494140625,363.2539978027344,RUN3
440,440.0,134.86911010742188,74.51542663574219,30.76097869873047,105.3226318359375,345.4681396484375,RUN3
450,450.0,106.99886322021484,72.43302917480469,27.559284210205078,121.578369140625,328.56951904296875,RUN3
460,460.0,130.61814880371094,59.76551818847656,42.0416374206543,118.00144958496094,350.4267578125,RUN3
470,470.0,165.05055236816406,53.2429084777832,49.00611114501953,113.83314514160156,381.1326904296875,RUN3
480,480.0,80.72069549560547,74.75676727294922,97.29757690429688,85.20460510253906,337.9796447753906,RUN3
490,490.0,76.32684326171875,60.87434387207031,104.27720642089844,104.58045196533203,346.058837890625,RUN3
500,500.0,83.69306182861328,63.42527770996094,142.87847900390625,86.38105773925781,376.37786865234375,RUN3
510,510.0,94.52105712890625,44.824363708496094,91.08415985107422,101.0167007446289,331.4462890625,RUN3
520,520.0,81.99390411376953,57.12709426879883,86.16944885253906,109.40340423583984,334.69384765625,RUN3
530,530.0,79.79879760742188,75.88983154296875,102.58500671386719,94.08135223388672,352.35498046875,RUN3
540,540.0,64.10697174072266,75.01453399658203,101.8696060180664,95.05774688720703,336.0488586425781,RUN3
550,550.0,140.1328887939453,59.13332748413086,111.05384826660156,88.33116149902344,398.6512451171875,RUN3
560,560.0,134.63449096679688,50.82579803466797,102.97041320800781,101.75926971435547,390.19000244140625,RUN3
570,570.0,101.7910385131836,40.736328125,105.92469787597656,111.95633697509766,360.4084167480469,RUN3
580,580.0,76.40225982666016,49.44499969482422,101.08370971679688,85.9041519165039,312.8351135253906,RUN3
590,590.0,137.7009735107422,34.893558502197266,114.17395782470703,97.5373306274414,384.3058166503906,RUN3
600,600.0,149.12332153320312,27.256149291992188,102.55342864990234,107.01832580566406,385.95123291015625,RUN3
610,610.0,199.64051818847656,43.68669891357422,90.79006958007812,104.04830169677734,438.16558837890625,RUN3
620,620.0,140.4031219482422,27.88013458251953,108.15552520751953,101.7693862915039,378.2081604003906,RUN3
630,630.0,93.33756256103516,30.581995010375977,101.4693832397461,106.00707244873047,331.3960266113281,RUN3
640,640.0,133.862548828125,21.188480377197266,96.75373077392578,108.26261901855469,360.0673828125,RUN3
650,650.0,138.11561584472656,40.397090911865234,92.27848815917969,106.83680725097656,377.62799072265625,RUN3
660,660.0,151.18917846679688,43.41724395751953,83.81290435791016,123.22498321533203,401.644287109375,RUN3
670,670.0,159.0933380126953,42.52796936035156,98.46286010742188,106.04485321044922,406.1290283203125,RUN3
680,680.0,111.64190673828125,42.54240798950195,91.22250366210938,110.09229278564453,355.4991149902344,RUN3
690,690.0,136.86695861816406,75.71436309814453,94.9029769897461,96.75186920166016,404.2361755371094,RUN3
700,700.0,130.7521209716797,37.88901138305664,115.6712417602539,107.8008804321289,392.1132507324219,RUN3
710,710.0,137.3275604248047,38.54330825805664,95.58415985107422,106.49037170410156,377.94537353515625,RUN3
720,720.0,136.86866760253906,31.39176368713379,82.74539184570312,111.0764389038086,362.082275390625,RUN3
730,730.0,158.43704223632812,24.34998893737793,105.45465850830078,75.53601837158203,363.7777099609375,RUN3
740,740.0,192.2725067138672,50.7740364074707,76.72789001464844,101.12340545654297,420.8978271484375,RUN3
750,750.0,175.3134307861328,68.74581909179688,77.9111099243164,81.7496109008789,403.719970703125,RUN3
760,760.0,201.86097717285156,50.04061508178711,94.46928405761719,90.47193145751953,436.8428039550781,RUN3
770,770.0,221.20953369140625,99.01493835449219,96.11885833740234,115.24149322509766,531.5848388671875,RUN3
780,780.0,254.40692138671875,121.82893371582031,77.92935943603516,112.41331481933594,566.5784912109375,RUN3
790,790.0,205.2448272705078,122.07547760009766,73.59635925292969,109.25816345214844,510.17486572265625,RUN3
800,800.0,202.63609313964844,95.18358612060547,72.02051544189453,93.33979797363281,463.17999267578125,RUN3
810,810.0,203.0599822998047,142.7151641845703,63.753211975097656,88.962646484375,498.4909973144531,RUN3
820,820.0,214.83941650390625,98.8616943359375,75.32610321044922,100.73030090332031,489.75750732421875,RUN3
830,830.0,160.68252563476562,97.75468444824219,78.7576904296875,102.18452453613281,439.37939453125,RUN3
840,840.0,213.42396545410156,115.91773986816406,61.8242073059082,76.55387115478516,467.71978759765625,RUN3
850,850.0,203.3176727294922,100.51448059082031,59.089778900146484,112.26830291748047,475.19024658203125,RUN3
860,860.0,209.4265899658203,122.8245849609375,60.585086822509766,95.48655700683594,488.32281494140625,RUN3
870,870.0,207.377197265625,110.39806365966797,75.08116149902344,86.96783447265625,479.82427978515625,RUN3
880,880.0,195.7174835205078,112.11672973632812,59.338294982910156,107.28717041015625,474.4596862792969,RUN3
890,890.0,128.7335205078125,167.30970764160156,71.58264923095703,107.4019775390625,475.02783203125,RUN3
900,900.0,125.40886688232422,152.63827514648438,100.3845443725586,109.43582916259766,487.8675231933594,RUN3
910,910.0,212.24732971191406,153.09864807128906,68.64743041992188,98.06147003173828,532.0548706054688,RUN3
920,920.0,209.0544891357422,114.47737121582031,67.58195495605469,111.25656127929688,502.3703918457031,RUN3
930,930.0,194.15025329589844,108.62581634521484,59.758079528808594,110.38903045654297,472.9231872558594,RUN3
940,940.0,161.2412567138672,161.89881896972656,70.83463287353516,114.02420043945312,507.9989013671875,RUN3
950,950.0,128.03761291503906,135.68336486816406,73.74105834960938,100.03691864013672,437.49896240234375,RUN3
960,960.0,165.74807739257812,98.47038269042969,80.26868438720703,97.73323059082031,442.2203369140625,RUN3
970,970.0,195.92872619628906,101.99964141845703,69.49588012695312,88.46138000488281,455.8856201171875,RUN3
980,980.0,187.5753936767578,100.80242156982422,57.31526565551758,94.20574188232422,439.8988342285156,RUN3
990,990.0,208.89529418945312,109.36111450195312,80.04016876220703,102.14362335205078,500.440185546875,RUN3
1000,1000.0,108.38080596923828,164.74134826660156,80.78280639648438,113.77444458007812,467.6794128417969,RUN3
1010,1010.0,149.00001525878906,156.21078491210938,67.81953430175781,88.0237808227539,461.0541076660156,RUN3
1020,1020.0,0.0,0.0,0.0,0.0,0.0,RUN3
1030,1030.0,112.06832885742188,167.26077270507812,78.95509338378906,98.02137756347656,456.3055419921875,RUN3
1040,1040.0,145.99317932128906,152.41236877441406,70.87776947021484,98.39985656738281,467.68316650390625,RUN3
1050,1050.0,151.34803771972656,174.2819061279297,89.5078353881836,91.16690063476562,506.3046875,RUN3
1060,1060.0,160.1423797607422,160.08531188964844,78.6778564453125,97.1954345703125,496.1009826660156,RUN3
1070,1070.0,133.12770080566406,153.47491455078125,77.48580932617188,108.65750122070312,472.74591064453125,RUN3
1080,1080.0,159.5911865234375,169.08009338378906,52.352935791015625,111.07991027832031,492.1041259765625,RUN3
1090,1090.0,118.06293487548828,152.78338623046875,83.71388244628906,98.86872100830078,453.42889404296875,RUN3
100,100.0,79.910888671875,22.821489334106445,33.86112976074219,95.17805480957031,231.7715606689453,RUN4
110,110.0,103.53147888183594,32.31180191040039,63.649391174316406,99.28465270996094,298.77734375,RUN4
120,120.0,131.26376342773438,34.59188461303711,64.37556457519531,59.34100341796875,289.57220458984375,RUN4
130,130.0,148.83282470703125,16.738853454589844,59.89524841308594,50.097137451171875,275.5640869140625,RUN4
140,140.0,125.5015869140625,28.804046630859375,61.591529846191406,66.95157623291016,282.8487243652344,RUN4
150,150.0,84.44058227539062,24.74259376525879,62.455726623535156,71.24935150146484,242.88824462890625,RUN4
160,160.0,93.43717956542969,25.707674026489258,53.65510559082031,78.54823303222656,251.3481903076172,RUN4
170,170.0,93.21497344970703,18.681856155395508,62.15044403076172,82.92335510253906,256.97064208984375,RUN4
180,180.0,86.74134063720703,30.816015243530273,38.47041320800781,140.5382080078125,296.56597900390625,RUN4
190,190.0,0.0,0.0,0.0,0.0,0.0,RUN4
200,200.0,89.23430633544922,50.45832443237305,62.890071868896484,32.90826416015625,235.490966796875,RUN4
210,210.0,78.43242645263672,30.572378158569336,62.08004379272461,57.93923568725586,229.0240936279297,RUN4
220,220.0,79.795654296875,33.80064392089844,65.31027221679688,75.03189086914062,253.93846130371094,RUN4
230,230.0,94.63712310791016,58.66410827636719,39.829776763916016,107.53763580322266,300.66864013671875,RUN4
240,240.0,108.89419555664062,72.24248504638672,39.76414489746094,117.81500244140625,338.7158203125,RUN4
250,250.0,103.32714080810547,54.472808837890625,41.43041229248047,101.27408599853516,300.50445556640625,RUN4
260,260.0,91.05522918701172,30.71146583557129,53.0212287902832,44.58107376098633,219.36898803710938,RUN4
270,270.0,115.05616760253906,44.51906204223633,49.69566345214844,101.25074768066406,310.5216369628906,RUN4
280,280.0,108.016357421875,102.32232666015625,68.87516021728516,55.65205764770508,334.86590576171875,RUN4
290,290.0,93.0782470703125,31.54544448852539,70.11680603027344,45.79141616821289,240.5319061279297,RUN4
300,300.0,82.73384094238281,67.22053527832031,56.06985092163086,56.569480895996094,262.5937194824219,RUN4
310,310.0,80.13532257080078,62.6818733215332,103.45872497558594,56.349586486816406,302.6255187988281,RUN4
320,320.0,74.54479217529297,90.53902435302734,105.13440704345703,55.0130615234375,325.2312927246094,RUN4
330,330.0,76.60255432128906,86.76075744628906,78.5529556274414,55.53874206542969,297.45501708984375,RUN4
340,340.0,63.56319046020508,87.93589782714844,88.90935516357422,45.84048843383789,286.2489318847656,RUN4
350,350.0,83.267822265625,67.44247436523438,91.35650634765625,43.747215270996094,285.81402587890625,RUN4
360,360.0,78.05409240722656,89.11888885498047,93.98178100585938,36.58868408203125,297.7434387207031,RUN4
370,370.0,91.33179473876953,87.51620483398438,110.83448791503906,52.178077697753906,341.8605651855469,RUN4
380,380.0,102.45230102539062,95.03134155273438,106.99060821533203,43.14384460449219,347.61810302734375,RUN4
390,390.0,105.94062805175781,67.73729705810547,67.93416595458984,63.63982009887695,305.2519226074219,RUN4
400,400.0,89.37380981445312,60.38447189331055,109.16836547851562,62.49617385864258,321.4228210449219,RUN4
410,410.0,100.82038879394531,99.33334350585938,83.87530517578125,41.6461067199707,325.6751708984375,RUN4
420,420.0,98.33901977539062,54.89051818847656,87.00899505615234,56.61587142944336,296.8544006347656,RUN4
430,430.0,93.39494323730469,81.75984954833984,72.06784057617188,38.92704391479492,286.149658203125,RUN4
440,440.0,93.42477416992188,105.41925048828125,84.31765747070312,49.5615348815918,332.72320556640625,RUN4
450,450.0,99.05620574951172,42.480587005615234,140.88946533203125,35.2790641784668,317.705322265625,RUN4
460,460.0,96.1562271118164,84.89961242675781,124.2803955078125,36.17890930175781,341.51513671875,RUN4
470,470.0,106.8231430053711,55.62376403808594,116.82671356201172,36.15541458129883,315.4290466308594,RUN4
480,480.0,109.55844116210938,71.401123046875,140.18295288085938,34.55773162841797,355.70025634765625,RUN4
490,490.0,103.05425262451172,80.07434844970703,108.34484100341797,44.28524398803711,335.7586975097656,RUN4
500,500.0,93.63568115234375,63.162452697753906,109.1139907836914,33.845821380615234,299.7579345703125,RUN4
510,510.0,102.27883911132812,87.42608642578125,51.4754524230957,41.3172607421875,282.49761962890625,RUN4
520,520.0,101.86180877685547,61.13389205932617,100.11993408203125,51.05317306518555,314.1687927246094,RUN4
530,530.0,76.67473602294922,81.84048461914062,126.89883422851562,31.848352432250977,317.2624206542969,RUN4
540,540.0,95.46774291992188,64.90105438232422,133.6253204345703,43.7464485168457,337.7406005859375,RUN4
550,550.0,106.49744415283203,84.67642974853516,143.59747314453125,50.508094787597656,385.2794494628906,RUN4
560,560.0,87.87039184570312,66.14649200439453,128.06568908691406,46.53763961791992,328.6202087402344,RUN4
570,570.0,98.05146789550781,79.0338134765625,91.37718963623047,52.57931900024414,321.0417785644531,RUN4
580,580.0,101.71070098876953,87.19549560546875,123.89761352539062,51.670963287353516,364.4747619628906,RUN4
590,590.0,93.85782623291016,88.28326416015625,114.00077056884766,55.36489486694336,351.5067443847656,RUN4
600,600.0,84.27978515625,92.8504638671875,145.081298828125,42.05002212524414,364.2615661621094,RUN4
610,610.0,99.66968536376953,66.52738189697266,129.67019653320312,43.46888732910156,339.33612060546875,RUN4
620,620.0,93.2484130859375,64.15385437011719,148.90414428710938,37.53451919555664,343.8409118652344,RUN4
630,630.0,81.01512145996094,75.02104187011719,148.29258728027344,59.99602127075195,364.32476806640625,RUN4
640,640.0,91.0577621459961,66.55762481689453,119.02890014648438,59.85942459106445,336.50372314453125,RUN4
650,650.0,108.57601165771484,80.29666900634766,136.06971740722656,48.19196319580078,373.13433837890625,RUN4
660,660.0,101.81564331054688,75.82837677001953,146.4029998779297,38.383995056152344,362.4309997558594,RUN4
670,670.0,116.85411071777344,51.40972900390625,154.9359588623047,33.56220245361328,356.7619934082031,RUN4
680,680.0,95.61097717285156,71.7883529663086,119.26103973388672,33.60935592651367,320.26971435546875,RUN4
690,690.0,86.6231460571289,55.61144256591797,162.79051208496094,37.17481994628906,342.19989013671875,RUN4
700,700.0,81.0333251953125,58.29125213623047,144.88058471679688,38.59586715698242,322.801025390625,RUN4
710,710.0,42.14270782470703,49.034202575683594,157.41287231445312,57.66581344604492,306.2555847167969,RUN4
720,720.0,76.54517364501953,48.254905700683594,164.41729736328125,43.62236404418945,332.8397521972656,RUN4
730,730.0,81.41505432128906,57.25546646118164,127.84481048583984,49.26912307739258,315.7844543457031,RUN4
740,740.0,75.84359741210938,81.61016082763672,114.61504364013672,49.949310302734375,322.01812744140625,RUN4
750,750.0,93.77140045166016,79.86906433105469,84.61068725585938,34.06378173828125,292.31494140625,RUN4
760,760.0,90.27106475830078,63.97911834716797,92.48933410644531,46.26005935668945,292.99957275390625,RUN4
770,770.0,75.26725769042969,92.59385681152344,105.85545349121094,49.901180267333984,323.61773681640625,RUN4
780,780.0,70.20886993408203,53.22781753540039,105.57479858398438,32.723854064941406,261.7353515625,RUN4
790,790.0,73.7686996459961,57.559234619140625,138.64999389648438,52.27293395996094,322.2508544921875,RUN4
800,800.0,65.11518859863281,82.96351623535156,132.80604553222656,52.77943420410156,333.6641845703125,RUN4
810,810.0,84.83776092529297,64.84442138671875,151.5172576904297,43.45665740966797,344.6561279296875,RUN4
820,820.0,82.16817474365234,52.224857330322266,97.112060546875,39.735897064208984,271.2409973144531,RUN4
830,830.0,75.13323974609375,76.46562194824219,63.611000061035156,55.08909225463867,270.2989501953125,RUN4
840,840.0,62.644779205322266,76.22173309326172,120.33116912841797,27.398977279663086,286.5966796875,RUN4
850,850.0,67.11309814453125,81.02224731445312,72.06787109375,35.248844146728516,255.45205688476562,RUN4
860,860.0,83.24092102050781,61.6417121887207,109.27845001220703,30.47897720336914,284.6400451660156,RUN4
870,870.0,40.6236457824707,145.7062225341797,52.14529037475586,16.22019386291504,254.6953582763672,RUN4
880,880.0,97.68798065185547,71.92803192138672,48.41329574584961,38.82775115966797,256.8570556640625,RUN4
890,890.0,85.01326751708984,75.03036499023438,91.81878662109375,30.10334587097168,281.96575927734375,RUN4
900,900.0,84.6466064453125,81.13770294189453,84.58702850341797,32.0166015625,282.387939453125,RUN4
910,910.0,87.51663208007812,59.864280700683594,98.1900634765625,47.0638427734375,292.63482666015625,RUN4
920,920.0,73.39994049072266,83.017578125,92.06409454345703,32.92591094970703,281.4075012207031,RUN4
930,930.0,96.75191497802734,56.90901184082031,59.18942642211914,81.78880310058594,294.63916015625,RUN4
940,940.0,81.59538269042969,58.70769119262695,52.8076286315918,48.27128982543945,241.38198852539062,RUN4
950,950.0,82.34303283691406,68.72916412353516,46.265926361083984,54.008460998535156,251.34658813476562,RUN4
960,960.0,0.0,0.0,0.0,0.0,0.0,RUN4
970,970.0,70.74615478515625,82.5009536743164,40.93492126464844,73.96119689941406,268.1432189941406,RUN4
980,980.0,68.86709594726562,80.85038757324219,52.93582534790039,78.66098022460938,281.31427001953125,RUN4
990,990.0,96.19781494140625,74.10812377929688,116.0051498413086,52.616310119628906,338.9273986816406,RUN4
1000,1000.0,67.49085235595703,103.89945220947266,84.7348861694336,40.64491653442383,296.7701110839844,RUN4
1010,1010.0,63.36648941040039,110.64325714111328,145.43453979492188,67.81587219238281,387.2601318359375,RUN4
1020,1020.0,85.71980285644531,60.778350830078125,76.47310638427734,45.066776275634766,268.03802490234375,RUN4
1030,1030.0,100.12358093261719,67.09140014648438,66.50117492675781,109.64567565917969,343.36181640625,RUN4
1040,1040.0,106.39250183105469,102.6849365234375,47.334537506103516,121.47698211669922,377.88897705078125,RUN4
1050,1050.0,88.58287811279297,81.96022033691406,63.216365814208984,108.33731079101562,342.0967712402344,RUN4
1060,1060.0,112.64105987548828,70.40711212158203,73.6505126953125,73.61551666259766,330.3141784667969,RUN4
1070,1070.0,119.07838439941406,102.79411315917969,62.898399353027344,113.10130310058594,397.8721923828125,RUN4
1080,1080.0,194.0285186767578,90.10540008544922,46.24006271362305,63.93561553955078,394.3095703125,RUN4
1090,1090.0,152.63833618164062,103.4316177368164,60.989261627197266,97.03970336914062,414.0989074707031,RUN4
100,100.0,81.972900390625,50.267784118652344,74.3730697631836,65.20014953613281,271.81390380859375,RUN5
110,110.0,110.19525146484375,61.27752685546875,139.8818359375,97.25492858886719,408.60955810546875,RUN5
120,120.0,113.2979965209961,61.63290786743164,146.1934356689453,79.90804290771484,401.0323791503906,RUN5
130,130.0,90.92305755615234,83.56793212890625,79.39230346679688,82.9425048828125,336.8258056640625,RUN5
140,140.0,91.01457214355469,81.01953887939453,88.84706115722656,92.60206604003906,353.48321533203125,RUN5
150,150.0,86.56009674072266,97.0227279663086,112.60015869140625,98.87232971191406,395.0552978515625,RUN5
160,160.0,103.38456726074219,102.23602294921875,140.23342895507812,87.8801498413086,433.7341613769531,RUN5
170,170.0,107.1397933959961,116.87890625,84.14859771728516,91.83192443847656,399.99920654296875,RUN5
180,180.0,103.4524917602539,117.60340881347656,120.44145965576172,117.5740737915039,459.0714416503906,RUN5
190,190.0,77.28011322021484,119.54131317138672,126.65990447998047,116.11492919921875,439.59625244140625,RUN5
200,200.0,122.3244400024414,111.09577178955078,116.28770446777344,114.6391372680664,464.3470458984375,RUN5
210,210.0,105.55239868164062,41.185428619384766,99.36675262451172,93.98603820800781,340.09063720703125,RUN5
220,220.0,79.13460540771484,75.79965209960938,114.5704116821289,110.86076354980469,380.36541748046875,RUN5
230,230.0,101.00041961669922,115.90658569335938,102.94251251220703,100.26866149902344,420.1181640625,RUN5
240,240.0,110.34406280517578,86.08313751220703,80.41907501220703,119.47453308105469,396.32080078125,RUN5
250,250.0,105.52095031738281,130.31277465820312,79.55662536621094,101.21036529541016,416.6007080078125,RUN5
260,260.0,64.9852294921875,115.8270492553711,62.07638931274414,93.50569915771484,336.3943786621094,RUN5
270,270.0,106.41775512695312,108.85794067382812,100.34991455078125,76.83979797363281,392.46539306640625,RUN5
280,280.0,0.0,0.0,0.0,0.0,0.0,RUN5
290,290.0,99.14025115966797,84.11595916748047,147.54046630859375,89.1133041381836,419.9100036621094,RUN5
300,300.0,123.95402526855469,127.14350128173828,106.14738464355469,80.31993865966797,437.56488037109375,RUN5
310,310.0,138.4739227294922,87.03348541259766,142.3289031982422,79.38209533691406,447.2183837890625,RUN5
320,320.0,118.875732421875,109.07970428466797,150.3455047607422,150.4668426513672,528.767822265625,RUN5
330,330.0,107.34337615966797,96.58740234375,97.11873626708984,140.6914520263672,441.740966796875,RUN5
340,340.0,127.80455017089844,106.31039428710938,98.37718963623047,137.32957458496094,469.82171630859375,RUN5
350,350.0,109.77594757080078,102.89588928222656,118.35472869873047,128.64041137695312,459.6669921875,RUN5
360,360.0,80.40391540527344,126.49466705322266,93.7701644897461,122.0542221069336,422.7229919433594,RUN5
370,370.0,101.14153289794922,120.85696411132812,92.28746795654297,130.09226989746094,444.37823486328125,RUN5
380,380.0,0.0,0.0,0.0,0.0,0.0,RUN5
390,390.0,104.6362533569336,127.5536880493164,90.60722351074219,134.98837280273438,457.7855529785156,RUN5
400,400.0,89.63912963867188,133.90780639648438,72.52659606933594,131.77105712890625,427.8446044921875,RUN5
410,410.0,73.65097045898438,117.96991729736328,95.79395294189453,130.02676391601562,417.44158935546875,RUN5
420,420.0,164.154052734375,118.93659973144531,116.6927490234375,123.61685943603516,523.4002685546875,RUN5
430,430.0,181.05123901367188,104.79605102539062,138.11666870117188,132.2897186279297,556.253662109375,RUN5
440,440.0,201.170166015625,105.65526580810547,111.54651641845703,125.0768814086914,543.4488525390625,RUN5
450,450.0,156.2138671875,90.62865447998047,85.11083221435547,118.28923034667969,450.24261474609375,RUN5
460,460.0,145.39932250976562,98.10367584228516,107.11737823486328,103.34137725830078,453.96173095703125,RUN5
470,470.0,158.49832153320312,79.39820861816406,63.07875442504883,146.68289184570312,447.6581726074219,RUN5
480,480.0,183.2913055419922,62.53607177734375,78.71473693847656,129.3574981689453,453.89959716796875,RUN5
490,490.0,198.82188415527344,64.42548370361328,76.4383316040039,125.1778335571289,464.863525390625,RUN5
500,500.0,186.64111328125,48.96961975097656,81.29975891113281,145.1273193359375,462.0378112792969,RUN5
510,510.0,182.5287628173828,70.64567565917969,91.41588592529297,122.62876892089844,467.2191162109375,RUN5
520,520.0,124.10398864746094,56.489349365234375,75.15192413330078,134.72113037109375,390.4664001464844,RUN5
530,530.0,179.00999450683594,146.336181640625,81.07637786865234,138.51116943359375,544.9337158203125,RUN5
540,540.0,234.02235412597656,121.0494613647461,88.03414916992188,123.66937255859375,566.7753295898438,RUN5
550,550.0,227.17767333984375,110.98961639404297,81.23651885986328,128.23300170898438,547.6368408203125,RUN5
560,560.0,149.32472229003906,53.185062408447266,86.77881622314453,137.18072509765625,426.4693298339844,RUN5
570,570.0,89.74907684326172,110.73767852783203,83.636962890625,132.61395263671875,416.7376708984375,RUN5
580,580.0,236.13543701171875,71.04414367675781,100.79704284667969,130.43521118164062,538.411865234375,RUN5
590,590.0,134.5216827392578,125.44100189208984,96.66508483886719,124.20207214355469,480.829833984375,RUN5
600,600.0,140.702880859375,105.37825775146484,89.12577056884766,143.45347595214844,478.660400390625,RUN5
610,610.0,139.9369354248047,108.59203338623047,81.28990173339844,128.4241485595703,458.24298095703125,RUN5
620,620.0,164.999267578125,120.04017639160156,91.43225860595703,99.95092010498047,476.422607421875,RUN5
630,630.0,0.0,0.0,0.0,0.0,0.0,RUN5
640,640.0,195.9149169921875,124.93315887451172,79.46350860595703,134.463134765625,534.7747192382812,RUN5
650,650.0,144.02320861816406,85.46317291259766,88.8263168334961,131.8553924560547,450.1680908203125,RUN5
660,660.0,133.52894592285156,121.89228820800781,86.51958465576172,121.63827514648438,463.5791015625,RUN5
670,670.0,96.461181640625,108.6862564086914,83.8358383178711,116.74921417236328,405.73248291015625,RUN5
680,680.0,128.71762084960938,129.40415954589844,80.72913360595703,119.00757598876953,457.85845947265625,RUN5
690,690.0,135.4722900390625,116.5221939086914,91.39784240722656,117.7931900024414,461.1855163574219,RUN5
700,700.0,113.9195556640625,126.30583190917969,79.04747772216797,123.90058898925781,443.1734619140625,RUN5
710,710.0,115.17777252197266,170.96798706054688,69.9971923828125,112.91510009765625,469.05804443359375,RUN5
720,720.0,121.22005462646484,122.47343444824219,65.62794494628906,146.27500915527344,455.596435546875,RUN5
730,730.0,134.93728637695312,134.9705047607422,72.34160614013672,123.41194152832031,465.66131591796875,RUN5
740,740.0,134.42239379882812,106.25587463378906,73.10932159423828,138.0646514892578,451.85223388671875,RUN5
750,750.0,128.37396240234375,123.45114135742188,71.77149963378906,167.3696746826172,490.96630859375,RUN5
760,760.0,148.27239990234375,122.55143737792969,69.67820739746094,145.11007690429688,485.6121520996094,RUN5
770,770.0,156.75503540039062,125.9288330078125,82.01200103759766,111.1988525390625,475.89471435546875,RUN5
780,780.0,166.7696533203125,125.25015258789062,100.63469696044922,55.483943939208984,448.1384582519531,RUN5
790,790.0,219.0377655029297,48.73784255981445,94.28713989257812,94.49321746826172,456.55596923828125,RUN5
800,800.0,189.7913360595703,79.02045440673828,101.95458221435547,97.7452621459961,468.51165771484375,RUN5
810,810.0,184.76370239257812,17.119308471679688,65.87616729736328,94.29533386230469,362.05450439453125,RUN5
820,820.0,164.17930603027344,32.47593688964844,67.86715698242188,85.67762756347656,350.20001220703125,RUN5
830,830.0,166.8798828125,20.923917770385742,68.28591918945312,87.73480224609375,343.82452392578125,RUN5
840,840.0,174.6934356689453,29.303403854370117,76.39757537841797,111.29521179199219,391.68963623046875,RUN5
850,850.0,145.0196533203125,26.792972564697266,59.6982536315918,141.60894775390625,373.11981201171875,RUN5
860,860.0,144.22727966308594,36.00143814086914,51.76333236694336,153.0211944580078,385.01324462890625,RUN5
870,870.0,186.27145385742188,54.15100860595703,52.32144546508789,158.2902374267578,451.03411865234375,RUN5
880,880.0,175.6278839111328,35.81612777709961,60.815643310546875,138.13478088378906,410.3944091796875,RUN5
890,890.0,112.51510620117188,31.791574478149414,38.45526123046875,233.1484375,415.910400390625,RUN5
900,900.0,167.5978240966797,35.13227844238281,70.59425354003906,146.72219848632812,420.0465393066406,RUN5
910,910.0,171.20925903320312,32.385868072509766,81.25167846679688,100.18024444580078,385.02703857421875,RUN5
920,920.0,160.90049743652344,25.574296951293945,78.63965606689453,97.55009460449219,362.66455078125,RUN5
930,930.0,159.48379516601562,49.28290939331055,88.26287078857422,89.8997573852539,386.9293212890625,RUN5
940,940.0,177.7446746826172,54.9244384765625,73.21754455566406,79.0089340209961,384.8955993652344,RUN5
950,950.0,143.51068115234375,34.68511199951172,79.02627563476562,122.47787475585938,379.699951171875,RUN5
960,960.0,137.3779296875,18.929153442382812,71.38220977783203,106.36653900146484,334.05584716796875,RUN5
970,970.0,167.85194396972656,17.985424041748047,68.11560821533203,106.36236572265625,360.3153381347656,RUN5
980,980.0,152.82846069335938,34.66141128540039,71.66378784179688,116.52691650390625,375.6805725097656,RUN5
990,990.0,170.68521118164062,46.305973052978516,85.48123931884766,66.68497467041016,369.1573791503906,RUN5
1000,1000.0,151.81092834472656,29.87305450439453,84.9734878540039,85.83333587646484,352.4908142089844,RUN5
1010,1010.0,156.4789276123047,52.36825942993164,89.43495178222656,99.68370056152344,397.9658203125,RUN5
1020,1020.0,173.50831604003906,29.35975456237793,94.5677490234375,65.34333801269531,362.7791748046875,RUN5
1030,1030.0,144.92855834960938,34.609222412109375,73.3326644897461,137.81922912597656,390.689697265625,RUN5
1040,1040.0,146.53457641601562,29.413354873657227,75.91658782958984,89.59086608886719,341.45538330078125,RUN5
1050,1050.0,164.33847045898438,34.34031677246094,65.24974822998047,93.71990966796875,357.6484375,RUN5
1060,1060.0,142.74163818359375,46.99419403076172,60.767059326171875,91.656005859375,342.1589050292969,RUN5
1070,1070.0,144.583984375,41.101558685302734,73.4951171875,40.719913482666016,299.90057373046875,RUN5
1080,1080.0,140.9051055908203,47.860191345214844,63.28586196899414,43.85720443725586,295.9083557128906,RUN5
1090,1090.0,157.65249633789062,47.65939712524414,62.85711669921875,41.48304748535156,309.65203857421875,RUN5
