frame,time_ps,T:SER856,T:SER857,T:SER859,T:THR860,total_sasa_angstrom2,run_id
200,200.0,184.44192504882812,124.2314453125,127.44657135009766,112.27298736572266,548.3929290771484,RUN1
225,225.0,194.17352294921875,113.04750061035156,116.79861450195312,124.07723236083984,548.0968704223633,RUN1
250,250.0,202.9507293701172,108.00148010253906,131.3716583251953,128.08718872070312,570.4110565185547,RUN1
275,275.0,198.35549926757812,129.14630126953125,105.50196075439453,133.03375244140625,566.0375137329102,RUN1
300,300.0,107.81491088867188,138.67160034179688,83.1532974243164,145.45391845703125,475.0937271118164,RUN1
325,325.0,100.90606689453125,97.7489242553711,131.0254364013672,72.29924011230469,401.9796676635742,RUN1
350,350.0,191.17434692382812,76.982177734375,84.58071899414062,88.71221160888672,441.44945526123047,RUN1
375,375.0,146.21034240722656,84.25240325927734,63.35089111328125,118.99495697021484,412.80859375,RUN1
400,400.0,116.45263671875,105.50142669677734,88.11557006835938,158.01966857910156,468.0893020629883,RUN1
425,425.0,191.5108642578125,113.65281677246094,56.943782806396484,141.34364318847656,503.4511070251465,RUN1
450,450.0,158.48904418945312,65.72932434082031,109.72957611083984,92.08819580078125,426.03614044189453,RUN1
475,475.0,144.75216674804688,49.691650390625,107.03639221191406,101.6492691040039,403.12947845458984,RUN1
500,500.0,192.18438720703125,59.2430305480957,77.3387222290039,76.82328796386719,405.58942794799805,RUN1
525,525.0,177.82662963867188,98.85581970214844,103.28329467773438,79.28399658203125,459.24974060058594,RUN1
550,550.0,186.0903778076172,62.4788818359375,93.86776733398438,58.651092529296875,401.08811950683594,RUN1
575,575.0,186.2425537109375,67.89431762695312,71.57196807861328,74.1151123046875,399.8239517211914,RUN1
600,600.0,67.49077606201172,67.95175170898438,73.84898376464844,80.85098266601562,290.14249420166016,RUN1
625,625.0,152.21453857421875,55.31905746459961,63.80010223388672,98.66600036621094,369.999698638916,RUN1
650,650.0,73.63409423828125,70.26963806152344,72.70386505126953,88.48023223876953,305.08782958984375,RUN1
675,675.0,191.046630859375,58.163692474365234,73.01818084716797,95.90647888183594,418.13498306274414,RUN1
700,700.0,110.8472671508789,60.71504211425781,80.69061279296875,86.63247680664062,338.8853988647461,RUN1
725,725.0,199.1019287109375,98.19986724853516,65.52880859375,89.62959289550781,452.46019744873047,RUN1
750,750.0,160.95901489257812,121.22649383544922,82.9792251586914,66.73161315917969,431.89634704589844,RUN1
775,775.0,194.85081481933594,53.11138153076172,70.88772583007812,89.3922119140625,408.2421340942383,RUN1
800,800.0,198.40591430664062,99.74271392822266,43.8256721496582,87.88077545166016,429.85507583618164,RUN1
825,825.0,192.38381958007812,118.53453063964844,99.77472686767578,62.90676498413086,473.5998420715332,RUN1
850,850.0,203.5432891845703,120.56180572509766,114.12564086914062,57.726009368896484,495.9567451477051,RUN1
875,875.0,192.3533172607422,92.72016143798828,112.0755615234375,107.11519622802734,504.2642364501953,RUN1
900,900.0,180.0354461669922,67.01927947998047,96.69476318359375,87.02362823486328,430.7731170654297,RUN1
925,925.0,169.85888671875,137.76785278320312,108.74288940429688,83.62320709228516,499.99283599853516,RUN1
950,950.0,182.96197509765625,64.38431549072266,108.5015640258789,73.43463897705078,429.2824935913086,RUN1
975,975.0,194.2848663330078,62.566444396972656,100.01250457763672,91.86405181884766,448.72786712646484,RUN1
1000,1000.0,193.40428161621094,135.41293334960938,57.15833282470703,101.9368667602539,487.91241455078125,RUN1
1025,1025.0,146.42332458496094,103.76058959960938,102.71935272216797,53.632850646972656,406.53611755371094,RUN1
1050,1050.0,129.25173950195312,33.36979675292969,74.70730590820312,100.95954895019531,338.28839111328125,RUN1
1075,1075.0,126.57125854492188,50.056522369384766,83.4446029663086,120.34678649902344,380.4191703796387,RUN1
200,200.0,197.93508911132812,102.770263671875,114.55879211425781,107.55307006835938,522.8172149658203,RUN2
225,225.0,200.9978485107422,105.79035949707031,111.43814086914062,119.7000732421875,537.9264221191406,RUN2
250,250.0,192.83132934570312,98.17926025390625,108.90658569335938,137.94822692871094,537.8654022216797,RUN2
275,275.0,186.77903747558594,102.12388610839844,91.77325439453125,122.27959442138672,502.95577239990234,RUN2
300,300.0,205.0219268798828,98.4476318359375,89.5930404663086,89.92474365234375,482.98734283447266,RUN2
325,325.0,188.2637481689453,109.27558898925781,97.2688980102539,90.11186981201172,484.92010498046875,RUN2
350,350.0,200.290771484375,110.40032958984375,60.49589920043945,150.15196228027344,521.3389625549316,RUN2
375,375.0,191.81869506835938,85.97039794921875,56.298492431640625,150.63186645507812,484.7194519042969,RUN2
400,400.0,171.2675323486328,133.48214721679688,105.03278350830078,143.52838134765625,553.3108444213867,RUN2
425,425.0,194.5349578857422,73.05322265625,111.58807373046875,99.79218292236328,478.9684371948242,RUN2
450,450.0,196.73854064941406,72.36310577392578,85.71256256103516,55.63336181640625,410.44757080078125,RUN2
475,475.0,187.6456298828125,117.77391052246094,85.62982177734375,43.390167236328125,434.4395294189453,RUN2
500,500.0,201.72000122070312,86.03700256347656,86.22198486328125,26.626462936401367,400.6054515838623,RUN2
525,525.0,188.26419067382812,98.06797790527344,107.53311157226562,66.28874206542969,460.1540222167969,RUN2
550,550.0,195.098388671875,120.11823272705078,84.6968994140625,52.098350524902344,452.0118713378906,RUN2
575,575.0,200.74826049804688,59.92499923706055,75.01646423339844,62.14224624633789,397.83197021484375,RUN2
600,600.0,171.7939453125,50.70640563964844,112.34451293945312,50.41864013671875,385.2635040283203,RUN2
625,625.0,175.1815185546875,77.97320556640625,92.87268829345703,62.03094482421875,408.05835723876953,RUN2
650,650.0,137.37353515625,93.97550964355469,86.31095123291016,57.74934387207031,375.40933990478516,RUN2
675,675.0,194.72390747070312,104.37351989746094,86.5548324584961,44.3538818359375,430.00614166259766,RUN2
700,700.0,184.9010009765625,83.47856903076172,81.00202178955078,50.171775817871094,399.5533676147461,RUN2
725,725.0,185.2977294921875,88.70718383789062,108.52606201171875,39.83472442626953,422.3656997680664,RUN2
750,750.0,188.09375,125.59088134765625,100.3541259765625,43.82780075073242,457.8665580749512,RUN2
775,775.0,152.54678344726562,63.02878189086914,97.52256774902344,59.96088790893555,373.05902099609375,RUN2
800,800.0,142.32302856445312,104.7765884399414,80.31334686279297,44.38810348510742,371.8010673522949,RUN2
825,825.0,159.3451385498047,66.24840545654297,100.30679321289062,63.41109085083008,389.31142807006836,RUN2
850,850.0,192.32421875,62.417274475097656,101.80363464355469,48.618385314941406,405.16351318359375,RUN2
875,875.0,35.45928192138672,100.41456604003906,76.09088134765625,52.08609390258789,264.0508232116699,RUN2
900,900.0,187.6496124267578,100.35856628417969,82.73188781738281,54.69043731689453,425.43050384521484,RUN2
925,925.0,199.75440979003906,89.16227722167969,104.91902923583984,35.81398010253906,429.64969635009766,RUN2
950,950.0,193.3167266845703,93.89546966552734,88.57670593261719,43.633201599121094,419.42210388183594,RUN2
975,975.0,181.2073516845703,64.05330657958984,88.45054626464844,45.76683044433594,379.47803497314453,RUN2
1000,1000.0,176.2860107421875,70.84345245361328,83.75889587402344,53.36121368408203,384.24957275390625,RUN2
1025,1025.0,184.59588623046875,64.8718032836914,71.4264907836914,47.468711853027344,368.3628921508789,RUN2
1050,1050.0,195.15269470214844,80.09526824951172,72.61912536621094,59.313804626464844,407.18089294433594,RUN2
1075,1075.0,159.31800842285156,49.95574188232422,94.86128234863281,39.27461624145508,343.4096488952637,RUN2
200,200.0,187.40892028808594,107.08919525146484,121.61581420898438,137.7401123046875,553.8540420532227,RUN3
225,225.0,198.34609985351562,113.16529846191406,105.8081283569336,133.61329650878906,550.9328231811523,RUN3
250,250.0,199.292236328125,114.30238342285156,129.47625732421875,125.52006530761719,568.5909423828125,RUN3
275,275.0,194.01449584960938,115.98091888427734,114.92172241210938,121.10527801513672,546.0224151611328,RUN3
300,300.0,189.08880615234375,120.29791259765625,118.46057891845703,140.0969696044922,567.9442672729492,RUN3
325,325.0,194.4227294921875,120.2666015625,115.8380355834961,129.90023803710938,560.427604675293,RUN3
350,350.0,202.39442443847656,102.86528778076172,113.38591003417969,133.1767578125,551.822380065918,RUN3
375,375.0,203.42576599121094,104.27287292480469,102.72103881835938,136.2406768798828,546.6603546142578,RUN3
400,400.0,200.80459594726562,95.28555297851562,101.3586196899414,138.681396484375,536.1301651000977,RUN3
425,425.0,199.20541381835938,96.9329833984375,76.01937866210938,144.80918884277344,516.9669647216797,RUN3
450,450.0,195.6241455078125,126.96176147460938,106.76740264892578,142.6212615966797,571.9745712280273,RUN3
475,475.0,193.00015258789062,128.04701232910156,118.0692138671875,132.00192260742188,571.1183013916016,RUN3
500,500.0,190.85507202148438,116.22406005859375,113.11848449707031,141.29806518554688,561.4956817626953,RUN3
525,525.0,195.51382446289062,123.9081802368164,119.75032043457031,129.83029174804688,569.0026168823242,RUN3
550,550.0,192.27554321289062,118.77449035644531,116.57466125488281,132.46359252929688,560.0882873535156,RUN3
575,575.0,195.47340393066406,115.99208068847656,128.44589233398438,134.74554443359375,574.6569213867188,RUN3
600,600.0,195.07510375976562,99.01844787597656,87.48013305664062,144.7242431640625,526.2979278564453,RUN3
625,625.0,203.28659057617188,75.58008575439453,98.9666748046875,147.164794921875,524.9981460571289,RUN3
650,650.0,199.40284729003906,95.36824798583984,92.20818328857422,129.54122924804688,516.5205078125,RUN3
675,675.0,192.870361328125,109.66441345214844,122.68804931640625,122.76240539550781,547.9852294921875,RUN3
700,700.0,187.6479949951172,126.41078186035156,120.8028564453125,134.5618438720703,569.4234771728516,RUN3
725,725.0,197.69964599609375,121.60324096679688,125.56578063964844,132.08436584472656,576.9530334472656,RUN3
750,750.0,186.67568969726562,122.44609069824219,131.96231079101562,145.13340759277344,586.2174987792969,RUN3
775,775.0,197.21255493164062,119.61201477050781,132.11033630371094,116.6021499633789,565.5370559692383,RUN3
800,800.0,152.6266632080078,112.8399658203125,123.04010009765625,115.45709228515625,503.9638214111328,RUN3
825,825.0,188.58493041992188,113.91195678710938,118.98028564453125,132.1700897216797,553.6472625732422,RUN3
850,850.0,201.26589965820312,112.2789077758789,112.96774291992188,126.38092803955078,552.8934783935547,RUN3
875,875.0,203.98670959472656,121.85874938964844,128.86988830566406,125.582275390625,580.2976226806641,RUN3
900,900.0,194.56954956054688,131.9898681640625,118.68505859375,130.786376953125,576.0308532714844,RUN3
925,925.0,199.61605834960938,120.84554290771484,126.68778991699219,125.22541046142578,572.3748016357422,RUN3
950,950.0,187.7999267578125,135.09556579589844,126.72166442871094,135.47091674804688,585.0880737304688,RUN3
975,975.0,196.90032958984375,121.9351806640625,121.62742614746094,128.3490447998047,568.8119812011719,RUN3
1000,1000.0,198.2947998046875,117.45392608642578,129.78343200683594,114.92451477050781,560.456672668457,RUN3
1025,1025.0,172.62437438964844,118.98912048339844,135.86993408203125,118.46012115478516,545.9435501098633,RUN3
1050,1050.0,189.45040893554688,116.7596206665039,127.54541778564453,130.69537353515625,564.4508209228516,RUN3
1075,1075.0,196.58152770996094,104.3594970703125,129.63601684570312,124.60684204101562,555.1838836669922,RUN3
200,200.0,195.77935791015625,113.75736236572266,88.7466812133789,125.4762954711914,523.7596969604492,RUN4
225,225.0,181.39170837402344,128.5550079345703,87.75286865234375,147.14169311523438,544.8412780761719,RUN4
250,250.0,198.77520751953125,123.88871765136719,73.14091491699219,121.57389831542969,517.3787384033203,RUN4
275,275.0,187.99989318847656,129.78871154785156,65.25269317626953,135.0194854736328,518.0607833862305,RUN4
300,300.0,205.31446838378906,96.0670166015625,67.24016571044922,118.82813262939453,487.4497833251953,RUN4
325,325.0,193.82791137695312,71.99433898925781,54.24314498901367,138.19979858398438,458.265193939209,RUN4
350,350.0,190.65261840820312,123.18948364257812,76.45333099365234,123.25611877441406,513.5515518188477,RUN4
375,375.0,199.43869018554688,133.86734008789062,65.89787292480469,156.04391479492188,555.2478179931641,RUN4
400,400.0,189.54751586914062,100.57746124267578,66.53985595703125,163.62362670898438,520.288459777832,RUN4
425,425.0,193.30661010742188,112.94491577148438,57.99375534057617,156.0886993408203,520.3339805603027,RUN4
450,450.0,197.6857452392578,124.44051361083984,73.47138214111328,159.81715393066406,555.414794921875,RUN4
475,475.0,194.24740600585938,116.11517333984375,99.47270202636719,156.05596923828125,565.8912506103516,RUN4
500,500.0,147.9491729736328,51.16609191894531,100.21961975097656,132.29632568359375,431.63121032714844,RUN4
525,525.0,108.16819763183594,65.73197937011719,106.01683044433594,88.74596405029297,368.66297149658203,RUN4
550,550.0,201.05641174316406,109.34818267822266,90.60169982910156,79.50263214111328,480.50892639160156,RUN4
575,575.0,194.61251831054688,123.14511108398438,119.98550415039062,126.24447631835938,563.9876098632812,RUN4
600,600.0,199.0499267578125,124.21685791015625,120.04224395751953,129.13436889648438,572.4433975219727,RUN4
625,625.0,202.59613037109375,107.30828857421875,128.75247192382812,120.10765075683594,558.7645416259766,RUN4
650,650.0,193.67918395996094,110.26730346679688,116.47550964355469,127.83940124511719,548.2613983154297,RUN4
675,675.0,192.70762634277344,114.27301025390625,118.50946044921875,119.20924377441406,544.6993408203125,RUN4
700,700.0,175.02395629882812,91.98007202148438,98.45482635498047,115.69173431396484,481.1505889892578,RUN4
725,725.0,205.215087890625,91.2428207397461,93.54657745361328,154.14747619628906,544.1519622802734,RUN4
750,750.0,198.572265625,95.06614685058594,101.5920181274414,132.20932006835938,527.4397506713867,RUN4
775,775.0,142.9910430908203,68.18347930908203,121.59845733642578,81.45077514648438,414.2237548828125,RUN4
800,800.0,150.8408966064453,62.94159698486328,116.36451721191406,80.08430480957031,410.23131561279297,RUN4
825,825.0,179.53012084960938,131.73565673828125,130.85845947265625,111.51820373535156,553.6424407958984,RUN4
850,850.0,183.6206817626953,119.69483947753906,138.41015625,133.08798217773438,574.8136596679688,RUN4
875,875.0,189.8906707763672,123.03260040283203,116.2524642944336,115.84203338623047,545.0177688598633,RUN4
900,900.0,179.0457305908203,137.94859313964844,80.3473892211914,129.61073303222656,526.9524459838867,RUN4
925,925.0,196.327392578125,121.99825286865234,85.5896224975586,137.61822509765625,541.5334930419922,RUN4
950,950.0,195.23291015625,120.72293853759766,127.3554458618164,132.27182006835938,575.5831146240234,RUN4
975,975.0,176.6907501220703,127.65625,81.15969848632812,136.0444793701172,521.5511779785156,RUN4
1000,1000.0,194.04774475097656,88.7903823852539,75.77277374267578,134.27198791503906,492.8828887939453,RUN4
1025,1025.0,175.6585693359375,67.91537475585938,71.1154556274414,149.48556518554688,464.17496490478516,RUN4
1050,1050.0,193.9103240966797,97.10163116455078,100.34504699707031,140.1395263671875,531.4965286254883,RUN4
1075,1075.0,192.35647583007812,121.032958984375,107.6348876953125,147.16192626953125,568.1862487792969,RUN4
