salt_bridge_id,donor_segid,donor_resname,donor_resid,donor_n_atom,donor_h_atom,acceptor_segid,acceptor_resname,acceptor_resid,acceptor_atom,donor_residue_label,acceptor_residue_label,salt_bridge_residue_label,salt_bridge_atom_label,frames_observed,lifetime_ps,occupancy_fraction,occupancy_percent,max_continuous_frames,max_continuous_ps,segments_count,first_observed_frame,last_observed_frame,mean_distance_angstrom,n_frames_analyzed,frame_dt_ps
A:25:HH11-T:857:O1P,A,ARG,25,NH1,HH11,T,SEP,857,O1P,A:ARG25,T:SEP857,A:ARG25 - T:SEP857,A:ARG25:HH11 -> T:SEP857:O1P,247,120.75387869999999,0.6068796068796068,60.68796068796068,134,65.5102014,4,-1,-1,1.7575337933238884,407,0.4888821
A:7:HH12-T:859:O2P,A,ARG,7,NH1,HH12,T,SEP,859,O2P,A:ARG7,T:SEP859,A:ARG7 - T:SEP859,A:ARG7:HH12 -> T:SEP859:O2P,229,111.9540009,0.33676470588235297,33.6764705882353,109,53.288148899999996,32,-1,-1,1.763128462210971,680,0.4888821
A:25:HH22-T:857:O1P,A,ARG,25,NH2,HH22,T,SEP,857,O1P,A:ARG25,T:SEP857,A:ARG25 - T:SEP857,A:ARG25:HH22 -> T:SEP857:O1P,215,105.1096515,0.3944954128440367,39.44954128440367,34,16.6219914,36,-1,-1,2.0449394694395573,545,0.4888821
A:25:HH11-T:857:OT,A,ARG,25,NH1,HH11,T,SEP,857,OT,A:ARG25,T:SEP857,A:ARG25 - T:SEP857,A:ARG25:HH11 -> T:SEP857:OT,151,73.8211971,0.36829268292682926,36.829268292682926,41,20.044166099999998,11,-1,-1,1.9948072810277333,410,0.4888821
A:10:HZ2-T:860:O1P,A,LYS,10,NZ,HZ2,T,TPO,860,O1P,A:LYS10,T:TPO860,A:LYS10 - T:TPO860,A:LYS10:HZ2 -> T:TPO860:O1P,141,68.9323761,0.2073529411764706,20.73529411764706,4,1.9555284,102,-1,-1,1.6949976222715109,680,0.4888821
A:10:HZ3-T:860:O1P,A,LYS,10,NZ,HZ3,T,TPO,860,O1P,A:LYS10,T:TPO860,A:LYS10 - T:TPO860,A:LYS10:HZ3 -> T:TPO860:O1P,127,62.0880267,0.18676470588235294,18.676470588235293,6,2.9332925999999997,87,-1,-1,1.6947894416003606,680,0.4888821
A:7:HH12-T:859:O1P,A,ARG,7,NH1,HH12,T,SEP,859,O1P,A:ARG7,T:SEP859,A:ARG7 - T:SEP859,A:ARG7:HH12 -> T:SEP859:O1P,127,62.0880267,0.23345588235294118,23.34558823529412,16,7.8221136,34,-1,-1,1.8345019856091014,544,0.4888821
A:7:HE-T:859:OT,A,ARG,7,NE,HE,T,SEP,859,OT,A:ARG7,T:SEP859,A:ARG7 - T:SEP859,A:ARG7:HE -> T:SEP859:OT,123,60.1324983,0.18088235294117647,18.088235294117645,17,8.3109957,42,-1,-1,2.1632562331246885,680,0.4888821
A:10:HZ1-T:860:O1P,A,LYS,10,NZ,HZ1,T,TPO,860,O1P,A:LYS10,T:TPO860,A:LYS10 - T:TPO860,A:LYS10:HZ1 -> T:TPO860:O1P,121,59.15473409999999,0.17794117647058824,17.794117647058822,4,1.9555284,88,-1,-1,1.6907036174837615,680,0.4888821
A:11:HZ1-T:857:O2P,A,LYS,11,NZ,HZ1,T,SEP,857,O2P,A:LYS11,T:SEP857,A:LYS11 - T:SEP857,A:LYS11:HZ1 -> T:SEP857:O2P,101,49.3770921,0.18566176470588236,18.566176470588236,7,3.4221747,56,-1,-1,1.656535992868866,544,0.4888821
A:107:HZ3-T:860:O2P,A,LYS,107,NZ,HZ3,T,TPO,860,O2P,A:LYS107,T:TPO860,A:LYS107 - T:TPO860,A:LYS107:HZ3 -> T:TPO860:O2P,96,46.9326816,0.1411764705882353,14.117647058823529,6,2.9332925999999997,68,-1,-1,1.7202404188664369,680,0.4888821
A:11:HZ2-T:857:O2P,A,LYS,11,NZ,HZ2,T,SEP,857,O2P,A:LYS11,T:SEP857,A:LYS11 - T:SEP857,A:LYS11:HZ2 -> T:SEP857:O2P,93,45.4660353,0.17095588235294118,17.09558823529412,7,3.4221747,60,-1,-1,1.673015596691453,544,0.4888821
A:107:HZ2-T:860:O2P,A,LYS,107,NZ,HZ2,T,TPO,860,O2P,A:LYS107,T:TPO860,A:LYS107 - T:TPO860,A:LYS107:HZ2 -> T:TPO860:O2P,93,45.466035299999994,0.13676470588235295,13.676470588235295,3,1.4666462999999998,70,-1,-1,1.75821618976811,680,0.4888821
A:11:HZ3-T:857:O1P,A,LYS,11,NZ,HZ3,T,SEP,857,O1P,A:LYS11,T:SEP857,A:LYS11 - T:SEP857,A:LYS11:HZ3 -> T:SEP857:O1P,91,44.488271100000006,0.22195121951219512,22.195121951219512,7,3.4221747,43,-1,-1,1.7227094195141035,410,0.4888821
A:11:HZ3-T:857:O2P,A,LYS,11,NZ,HZ3,T,SEP,857,O2P,A:LYS11,T:SEP857,A:LYS11 - T:SEP857,A:LYS11:HZ3 -> T:SEP857:O2P,86,42.0438606,0.15808823529411764,15.808823529411764,4,1.9555284,64,-1,-1,1.6706833908161285,544,0.4888821
A:107:HZ1-T:860:O2P,A,LYS,107,NZ,HZ1,T,TPO,860,O2P,A:LYS107,T:TPO860,A:LYS107 - T:TPO860,A:LYS107:HZ1 -> T:TPO860:O2P,86,42.043860599999995,0.1264705882352941,12.647058823529411,4,1.9555284,66,-1,-1,1.7302230516832937,680,0.4888821
A:7:HE-T:859:O1P,A,ARG,7,NE,HE,T,SEP,859,O1P,A:ARG7,T:SEP859,A:ARG7 - T:SEP859,A:ARG7:HE -> T:SEP859:O1P,77,37.6439217,0.1882640586797066,18.82640586797066,17,8.3109957,31,-1,-1,1.9795384137389676,409,0.4888821
A:11:HZ1-T:857:O1P,A,LYS,11,NZ,HZ1,T,SEP,857,O1P,A:LYS11,T:SEP857,A:LYS11 - T:SEP857,A:LYS11:HZ1 -> T:SEP857:O1P,74,36.1772754,0.13577981651376148,13.577981651376147,10,4.888821,49,-1,-1,1.7033635430170373,545,0.4888821
A:7:HE-T:859:O2P,A,ARG,7,NE,HE,T,SEP,859,O2P,A:ARG7,T:SEP859,A:ARG7 - T:SEP859,A:ARG7:HE -> T:SEP859:O2P,71,34.7106291,0.13051470588235295,13.051470588235295,8,3.9110568,44,-1,-1,2.154352305446757,544,0.4888821
A:11:HZ1-T:856:O1P,A,LYS,11,NZ,HZ1,T,SEP,856,O1P,A:LYS11,T:SEP856,A:LYS11 - T:SEP856,A:LYS11:HZ1 -> T:SEP856:O1P,71,34.7106291,0.13099630996309963,13.099630996309964,7,3.4221747,43,-1,-1,1.827318790204364,542,0.4888821
A:11:HZ2-T:857:O1P,A,LYS,11,NZ,HZ2,T,SEP,857,O1P,A:LYS11,T:SEP857,A:LYS11 - T:SEP857,A:LYS11:HZ2 -> T:SEP857:O1P,63,30.7995723,0.11559633027522936,11.559633027522937,4,1.9555284,45,-1,-1,1.7251334873999895,545,0.4888821
A:10:HZ1-T:860:O2P,A,LYS,10,NZ,HZ1,T,TPO,860,O2P,A:LYS10,T:TPO860,A:LYS10 - T:TPO860,A:LYS10:HZ1 -> T:TPO860:O2P,50,24.444105,0.07352941176470588,7.352941176470589,7,3.4221747,33,-1,-1,1.739110574380959,680,0.4888821
A:11:HZ3-T:856:O1P,A,LYS,11,NZ,HZ3,T,SEP,856,O1P,A:LYS11,T:SEP856,A:LYS11 - T:SEP856,A:LYS11:HZ3 -> T:SEP856:O1P,49,23.9552229,0.09040590405904059,9.040590405904059,6,2.9332925999999997,36,-1,-1,1.8128967150287327,542,0.4888821
A:25:HH12-T:857:O2P,A,ARG,25,NH1,HH12,T,SEP,857,O2P,A:ARG25,T:SEP857,A:ARG25 - T:SEP857,A:ARG25:HH12 -> T:SEP857:O2P,48,23.466340799999998,0.34782608695652173,34.78260869565217,45,21.9996945,4,710,1470,1.7950550856561451,138,0.4888821
A:25:HH22-T:857:OT,A,ARG,25,NH2,HH22,T,SEP,857,OT,A:ARG25,T:SEP857,A:ARG25 - T:SEP857,A:ARG25:HH22 -> T:SEP857:OT,47,22.9774587,0.11547911547911548,11.547911547911548,9,4.3999388999999995,24,-1,-1,2.195803161740721,407,0.4888821
A:11:HZ2-T:856:O1P,A,LYS,11,NZ,HZ2,T,SEP,856,O1P,A:LYS11,T:SEP856,A:LYS11 - T:SEP856,A:LYS11:HZ2 -> T:SEP856:O1P,40,19.555284,0.07380073800738007,7.380073800738007,3,1.4666462999999998,31,-1,-1,1.8140547305098025,542,0.4888821
A:10:HZ3-T:860:O2P,A,LYS,10,NZ,HZ3,T,TPO,860,O2P,A:LYS10,T:TPO860,A:LYS10 - T:TPO860,A:LYS10:HZ3 -> T:TPO860:O2P,36,17.599755599999998,0.052941176470588235,5.294117647058823,3,1.4666462999999998,29,-1,-1,1.7555807799468137,680,0.4888821
A:25:HH11-T:856:O1P,A,ARG,25,NH1,HH11,T,SEP,856,O1P,A:ARG25,T:SEP856,A:ARG25 - T:SEP856,A:ARG25:HH11 -> T:SEP856:O1P,35,17.1108735,0.2536231884057971,25.36231884057971,18,8.799877799999999,6,590,1420,1.8661717475802655,138,0.4888821
A:25:HH22-T:856:O1P,A,ARG,25,NH2,HH22,T,SEP,856,O1P,A:ARG25,T:SEP856,A:ARG25 - T:SEP856,A:ARG25:HH22 -> T:SEP856:O1P,35,17.1108735,0.2536231884057971,25.36231884057971,8,3.9110568,9,600,1410,1.9497271508929341,138,0.4888821
A:11:HZ1-T:856:O2P,A,LYS,11,NZ,HZ1,T,SEP,856,O2P,A:LYS11,T:SEP856,A:LYS11 - T:SEP856,A:LYS11:HZ1 -> T:SEP856:O2P,34,16.6219914,0.06273062730627306,6.273062730627306,5,2.4444105,23,-1,-1,1.7827028640638063,542,0.4888821
A:11:HZ2-T:856:O2P,A,LYS,11,NZ,HZ2,T,SEP,856,O2P,A:LYS11,T:SEP856,A:LYS11 - T:SEP856,A:LYS11:HZ2 -> T:SEP856:O2P,32,15.6442272,0.05904059040590406,5.904059040590406,10,4.888821,21,-1,-1,1.8129356578938767,542,0.4888821
A:10:HZ2-T:860:O2P,A,LYS,10,NZ,HZ2,T,TPO,860,O2P,A:LYS10,T:TPO860,A:LYS10 - T:TPO860,A:LYS10:HZ2 -> T:TPO860:O2P,29,14.177580899999999,0.04264705882352941,4.264705882352941,2,0.9777642,23,-1,-1,1.676483599599865,680,0.4888821
A:7:HH22-T:859:O1P,A,ARG,7,NH2,HH22,T,SEP,859,O1P,A:ARG7,T:SEP859,A:ARG7 - T:SEP859,A:ARG7:HH22 -> T:SEP859:O1P,26,12.7109346,0.1925925925925926,19.25925925925926,4,1.9555284,11,330,1440,1.826728160873711,135,0.4888821
A:7:HH22-T:859:O2P,A,ARG,7,NH2,HH22,T,SEP,859,O2P,A:ARG7,T:SEP859,A:ARG7 - T:SEP859,A:ARG7:HH22 -> T:SEP859:O2P,19,9.2887599,0.14074074074074075,14.074074074074074,6,2.9332925999999997,8,350,1430,1.8696348795279745,135,0.4888821
A:11:HZ3-T:856:O2P,A,LYS,11,NZ,HZ3,T,SEP,856,O2P,A:LYS11,T:SEP856,A:LYS11 - T:SEP856,A:LYS11:HZ3 -> T:SEP856:O2P,19,9.288759899999999,0.03505535055350553,3.505535055350553,2,0.9777642,16,-1,-1,1.9888646672036157,542,0.4888821
A:10:HZ2-T:860:OT,A,LYS,10,NZ,HZ2,T,TPO,860,OT,A:LYS10,T:TPO860,A:LYS10 - T:TPO860,A:LYS10:HZ2 -> T:TPO860:OT,17,8.3109957,0.03125,3.125,2,0.9777642,15,-1,-1,2.3215009157837057,544,0.4888821
A:107:HZ1-T:860:O1P,A,LYS,107,NZ,HZ1,T,TPO,860,O1P,A:LYS107,T:TPO860,A:LYS107 - T:TPO860,A:LYS107:HZ1 -> T:TPO860:O1P,16,7.8221136,0.029411764705882353,2.941176470588235,3,1.4666462999999998,11,-1,-1,1.8359506850097225,544,0.4888821
A:107:HZ2-T:860:O1P,A,LYS,107,NZ,HZ2,T,TPO,860,O1P,A:LYS107,T:TPO860,A:LYS107 - T:TPO860,A:LYS107:HZ2 -> T:TPO860:O1P,15,7.3332315,0.027522935779816515,2.7522935779816518,2,0.9777642,13,-1,-1,1.7776063960156363,545,0.4888821
A:161:HH12-T:856:O1P,A,ARG,161,NH1,HH12,T,SEP,856,O1P,A:ARG161,T:SEP856,A:ARG161 - T:SEP856,A:ARG161:HH12 -> T:SEP856:O1P,15,7.333231499999999,0.055350553505535055,5.535055350553505,4,1.9555284,7,-1,-1,1.8913087540506364,271,0.4888821
A:25:HH11-T:856:O2P,A,ARG,25,NH1,HH11,T,SEP,856,O2P,A:ARG25,T:SEP856,A:ARG25 - T:SEP856,A:ARG25:HH11 -> T:SEP856:O2P,14,6.8443494,0.05128205128205128,5.128205128205128,6,2.9332925999999997,6,-1,-1,1.8191111795503203,273,0.4888821
A:161:HH21-T:856:O2P,A,ARG,161,NH2,HH21,T,SEP,856,O2P,A:ARG161,T:SEP856,A:ARG161 - T:SEP856,A:ARG161:HH21 -> T:SEP856:O2P,12,5.866585199999999,0.029484029484029485,2.9484029484029484,3,1.4666462999999998,8,-1,-1,1.8095291945225196,407,0.4888821
A:161:HH12-T:856:O2P,A,ARG,161,NH1,HH12,T,SEP,856,O2P,A:ARG161,T:SEP856,A:ARG161 - T:SEP856,A:ARG161:HH12 -> T:SEP856:O2P,12,5.866585199999999,0.029484029484029485,2.9484029484029484,3,1.4666462999999998,9,-1,-1,1.9293326273786982,407,0.4888821
A:10:HZ3-T:860:OT,A,LYS,10,NZ,HZ3,T,TPO,860,OT,A:LYS10,T:TPO860,A:LYS10 - T:TPO860,A:LYS10:HZ3 -> T:TPO860:OT,11,5.3777031,0.04059040590405904,4.059040590405904,1,0.4888821,11,-1,-1,2.2435130392884393,271,0.4888821
A:25:HH22-T:856:O2P,A,ARG,25,NH2,HH22,T,SEP,856,O2P,A:ARG25,T:SEP856,A:ARG25 - T:SEP856,A:ARG25:HH22 -> T:SEP856:O2P,11,5.3777031,0.07971014492753623,7.971014492753622,3,1.4666462999999998,7,590,1470,1.8097084447611513,138,0.4888821
A:161:HH21-T:856:O1P,A,ARG,161,NH2,HH21,T,SEP,856,O1P,A:ARG161,T:SEP856,A:ARG161 - T:SEP856,A:ARG161:HH21 -> T:SEP856:O1P,10,4.888821,0.07352941176470588,7.352941176470589,4,1.9555284,4,410,1240,1.9246036428320714,136,0.4888821
A:10:HZ1-T:860:OT,A,LYS,10,NZ,HZ1,T,TPO,860,OT,A:LYS10,T:TPO860,A:LYS10 - T:TPO860,A:LYS10:HZ1 -> T:TPO860:OT,9,4.3999389,0.016544117647058824,1.6544117647058825,2,0.9777642,8,-1,-1,2.1970149888499844,544,0.4888821
A:107:HZ3-T:860:O1P,A,LYS,107,NZ,HZ3,T,TPO,860,O1P,A:LYS107,T:TPO860,A:LYS107 - T:TPO860,A:LYS107:HZ3 -> T:TPO860:O1P,9,4.3999389,0.022004889975550123,2.2004889975550124,2,0.9777642,8,-1,-1,1.715201953586383,409,0.4888821
A:107:HZ3-T:860:OT,A,LYS,107,NZ,HZ3,T,TPO,860,OT,A:LYS107,T:TPO860,A:LYS107 - T:TPO860,A:LYS107:HZ3 -> T:TPO860:OT,6,2.9332926,0.014669926650366748,1.466992665036675,1,0.4888821,6,-1,-1,2.20926016790367,409,0.4888821
A:25:HH11-T:857:O2P,A,ARG,25,NH1,HH11,T,SEP,857,O2P,A:ARG25,T:SEP857,A:ARG25 - T:SEP857,A:ARG25:HH11 -> T:SEP857:O2P,6,2.9332926,0.02197802197802198,2.197802197802198,3,1.4666462999999998,4,-1,-1,1.75060326150624,273,0.4888821
A:10:HZ3-T:857:O1P,A,LYS,10,NZ,HZ3,T,SEP,857,O1P,A:LYS10,T:SEP857,A:LYS10 - T:SEP857,A:LYS10:HZ3 -> T:SEP857:O1P,6,2.9332925999999997,0.044444444444444446,4.444444444444445,2,0.9777642,4,990,1100,1.7417353930135497,135,0.4888821
A:7:HH12-T:859:OT,A,ARG,7,NH1,HH12,T,SEP,859,OT,A:ARG7,T:SEP859,A:ARG7 - T:SEP859,A:ARG7:HH12 -> T:SEP859:OT,6,2.9332925999999997,0.014705882352941176,1.4705882352941175,2,0.9777642,5,-1,-1,2.092745921751619,408,0.4888821
A:10:HZ1-T:856:O2P,A,LYS,10,NZ,HZ1,T,SEP,856,O2P,A:LYS10,T:SEP856,A:LYS10 - T:SEP856,A:LYS10:HZ1 -> T:SEP856:O2P,6,2.9332925999999997,0.04411764705882353,4.411764705882353,3,1.4666462999999998,4,300,440,1.7052546570473999,136,0.4888821
A:160:HZ3-T:856:O2P,A,LYS,160,NZ,HZ3,T,SEP,856,O2P,A:LYS160,T:SEP856,A:LYS160 - T:SEP856,A:LYS160:HZ3 -> T:SEP856:O2P,6,2.9332925999999997,0.04411764705882353,4.411764705882353,3,1.4666462999999998,3,240,1420,1.69878599205704,136,0.4888821
A:107:HZ2-T:860:OT,A,LYS,107,NZ,HZ2,T,TPO,860,OT,A:LYS107,T:TPO860,A:LYS107 - T:TPO860,A:LYS107:HZ2 -> T:TPO860:OT,5,2.4444105,0.01845018450184502,1.8450184501845017,1,0.4888821,5,-1,-1,2.067315730466954,271,0.4888821
A:11:HZ3-T:856:OT,A,LYS,11,NZ,HZ3,T,SEP,856,OT,A:LYS11,T:SEP856,A:LYS11 - T:SEP856,A:LYS11:HZ3 -> T:SEP856:OT,5,2.4444105,0.012285012285012284,1.2285012285012284,2,0.9777642,4,-1,-1,2.2072070380835416,407,0.4888821
A:10:HZ2-T:857:O1P,A,LYS,10,NZ,HZ2,T,SEP,857,O1P,A:LYS10,T:SEP857,A:LYS10 - T:SEP857,A:LYS10:HZ2 -> T:SEP857:O1P,4,1.9555284,0.02962962962962963,2.9629629629629632,2,0.9777642,3,450,1090,1.960428218157539,135,0.4888821
A:10:HZ1-T:857:O1P,A,LYS,10,NZ,HZ1,T,SEP,857,O1P,A:LYS10,T:SEP857,A:LYS10 - T:SEP857,A:LYS10:HZ1 -> T:SEP857:O1P,4,1.9555284,0.02962962962962963,2.9629629629629632,1,0.4888821,4,790,1110,1.707411408939703,135,0.4888821
A:7:HH11-T:859:O1P,A,ARG,7,NH1,HH11,T,SEP,859,O1P,A:ARG7,T:SEP859,A:ARG7 - T:SEP859,A:ARG7:HH11 -> T:SEP859:O1P,4,1.9555284,0.009852216748768473,0.9852216748768473,1,0.4888821,4,-1,-1,1.9175643789380654,406,0.4888821
A:10:HZ3-T:856:O2P,A,LYS,10,NZ,HZ3,T,SEP,856,O2P,A:LYS10,T:SEP856,A:LYS10 - T:SEP856,A:LYS10:HZ3 -> T:SEP856:O2P,4,1.9555284,0.014760147601476014,1.4760147601476015,2,0.9777642,3,-1,-1,1.6770223658139656,271,0.4888821
A:10:HZ2-T:856:O2P,A,LYS,10,NZ,HZ2,T,SEP,856,O2P,A:LYS10,T:SEP856,A:LYS10 - T:SEP856,A:LYS10:HZ2 -> T:SEP856:O2P,4,1.9555284,0.029411764705882353,2.941176470588235,2,0.9777642,3,310,460,1.6469125649227279,136,0.4888821
A:10:HZ2-T:856:O1P,A,LYS,10,NZ,HZ2,T,SEP,856,O1P,A:LYS10,T:SEP856,A:LYS10 - T:SEP856,A:LYS10:HZ2 -> T:SEP856:O1P,3,1.4666462999999998,0.022222222222222223,2.2222222222222223,2,0.9777642,2,350,710,1.709626410337427,135,0.4888821
A:11:HZ1-T:856:OT,A,LYS,11,NZ,HZ1,T,SEP,856,OT,A:LYS11,T:SEP856,A:LYS11 - T:SEP856,A:LYS11:HZ1 -> T:SEP856:OT,3,1.4666462999999998,0.01107011070110701,1.107011070110701,1,0.4888821,3,-1,-1,2.4224438939049797,271,0.4888821
A:11:HZ2-T:857:OT,A,LYS,11,NZ,HZ2,T,SEP,857,OT,A:LYS11,T:SEP857,A:LYS11 - T:SEP857,A:LYS11:HZ2 -> T:SEP857:OT,3,1.4666462999999998,0.01098901098901099,1.098901098901099,1,0.4888821,3,-1,-1,2.2213745452839624,273,0.4888821
A:11:HZ2-T:856:OT,A,LYS,11,NZ,HZ2,T,SEP,856,OT,A:LYS11,T:SEP856,A:LYS11 - T:SEP856,A:LYS11:HZ2 -> T:SEP856:OT,3,1.4666462999999998,0.01107011070110701,1.107011070110701,1,0.4888821,3,-1,-1,2.3200887642080663,271,0.4888821
A:7:HH11-T:859:OT,A,ARG,7,NH1,HH11,T,SEP,859,OT,A:ARG7,T:SEP859,A:ARG7 - T:SEP859,A:ARG7:HH11 -> T:SEP859:OT,3,1.4666462999999998,0.01107011070110701,1.107011070110701,1,0.4888821,3,-1,-1,2.3105082443600478,271,0.4888821
A:107:HZ1-T:860:OT,A,LYS,107,NZ,HZ1,T,TPO,860,OT,A:LYS107,T:TPO860,A:LYS107 - T:TPO860,A:LYS107:HZ1 -> T:TPO860:OT,3,1.4666462999999998,0.007334963325183374,0.7334963325183375,1,0.4888821,3,-1,-1,2.10376565633112,409,0.4888821
A:160:HZ1-T:856:O2P,A,LYS,160,NZ,HZ1,T,SEP,856,O2P,A:LYS160,T:SEP856,A:LYS160 - T:SEP856,A:LYS160:HZ1 -> T:SEP856:O2P,3,1.4666462999999998,0.022058823529411766,2.2058823529411766,2,0.9777642,2,170,1380,2.0730341330681044,136,0.4888821
A:10:HZ1-T:857:O2P,A,LYS,10,NZ,HZ1,T,SEP,857,O2P,A:LYS10,T:SEP857,A:LYS10 - T:SEP857,A:LYS10:HZ1 -> T:SEP857:O2P,2,0.9777642,0.014814814814814815,1.4814814814814816,1,0.4888821,2,350,590,1.6680278965402997,135,0.4888821
A:10:HZ2-T:857:OT,A,LYS,10,NZ,HZ2,T,SEP,857,OT,A:LYS10,T:SEP857,A:LYS10 - T:SEP857,A:LYS10:HZ2 -> T:SEP857:OT,2,0.9777642,0.014814814814814815,1.4814814814814816,1,0.4888821,2,840,870,2.243823149509072,135,0.4888821
A:10:HZ3-T:857:O2P,A,LYS,10,NZ,HZ3,T,SEP,857,O2P,A:LYS10,T:SEP857,A:LYS10 - T:SEP857,A:LYS10:HZ3 -> T:SEP857:O2P,2,0.9777642,0.014814814814814815,1.4814814814814816,1,0.4888821,2,1020,1170,1.7215132880881114,135,0.4888821
A:25:HH12-T:857:O1P,A,ARG,25,NH1,HH12,T,SEP,857,O1P,A:ARG25,T:SEP857,A:ARG25 - T:SEP857,A:ARG25:HH12 -> T:SEP857:O1P,2,0.9777642,0.014492753623188406,1.4492753623188406,1,0.4888821,2,700,720,1.7674404730733777,138,0.4888821
A:7:HH11-T:856:O1P,A,ARG,7,NH1,HH11,T,SEP,856,O1P,A:ARG7,T:SEP856,A:ARG7 - T:SEP856,A:ARG7:HH11 -> T:SEP856:O1P,2,0.9777642,0.014492753623188406,1.4492753623188406,2,0.9777642,1,710,720,1.8575674817473238,138,0.4888821
A:11:HZ1-T:857:OT,A,LYS,11,NZ,HZ1,T,SEP,857,OT,A:LYS11,T:SEP857,A:LYS11 - T:SEP857,A:LYS11:HZ1 -> T:SEP857:OT,2,0.9777642,0.014492753623188406,1.4492753623188406,2,0.9777642,1,810,820,2.431921769109353,138,0.4888821
A:11:HZ3-T:857:OT,A,LYS,11,NZ,HZ3,T,SEP,857,OT,A:LYS11,T:SEP857,A:LYS11 - T:SEP857,A:LYS11:HZ3 -> T:SEP857:OT,2,0.9777642,0.014492753623188406,1.4492753623188406,1,0.4888821,2,820,980,2.2783927625429445,138,0.4888821
A:25:HH12-T:857:OT,A,ARG,25,NH1,HH12,T,SEP,857,OT,A:ARG25,T:SEP857,A:ARG25 - T:SEP857,A:ARG25:HH12 -> T:SEP857:OT,2,0.9777642,0.014492753623188406,1.4492753623188406,1,0.4888821,2,830,930,2.4315721774937424,138,0.4888821
A:160:HZ2-T:856:O2P,A,LYS,160,NZ,HZ2,T,SEP,856,O2P,A:LYS160,T:SEP856,A:LYS160 - T:SEP856,A:LYS160:HZ2 -> T:SEP856:O2P,2,0.9777642,0.014705882352941176,1.4705882352941175,1,0.4888821,2,330,1390,1.683220628503289,136,0.4888821
A:10:HZ2-T:856:OT,A,LYS,10,NZ,HZ2,T,SEP,856,OT,A:LYS10,T:SEP856,A:LYS10 - T:SEP856,A:LYS10:HZ2 -> T:SEP856:OT,1,0.4888821,0.007407407407407408,0.7407407407407408,1,0.4888821,1,360,360,1.649347816041628,135,0.4888821
A:7:HH11-T:856:O2P,A,ARG,7,NH1,HH11,T,SEP,856,O2P,A:ARG7,T:SEP856,A:ARG7 - T:SEP856,A:ARG7:HH11 -> T:SEP856:O2P,1,0.4888821,0.007407407407407408,0.7407407407407408,1,0.4888821,1,420,420,1.850834112016941,135,0.4888821
A:10:HZ2-T:857:O2P,A,LYS,10,NZ,HZ2,T,SEP,857,O2P,A:LYS10,T:SEP857,A:LYS10 - T:SEP857,A:LYS10:HZ2 -> T:SEP857:O2P,1,0.4888821,0.007407407407407408,0.7407407407407408,1,0.4888821,1,470,470,1.6699174045985516,135,0.4888821
A:10:HZ1-T:856:O1P,A,LYS,10,NZ,HZ1,T,SEP,856,O1P,A:LYS10,T:SEP856,A:LYS10 - T:SEP856,A:LYS10:HZ1 -> T:SEP856:O1P,1,0.4888821,0.007407407407407408,0.7407407407407408,1,0.4888821,1,720,720,1.7788271633572885,135,0.4888821
A:10:HZ3-T:857:OT,A,LYS,10,NZ,HZ3,T,SEP,857,OT,A:LYS10,T:SEP857,A:LYS10 - T:SEP857,A:LYS10:HZ3 -> T:SEP857:OT,1,0.4888821,0.007407407407407408,0.7407407407407408,1,0.4888821,1,830,830,2.3394009787584906,135,0.4888821
A:7:HH22-T:859:OT,A,ARG,7,NH2,HH22,T,SEP,859,OT,A:ARG7,T:SEP859,A:ARG7 - T:SEP859,A:ARG7:HH22 -> T:SEP859:OT,1,0.4888821,0.007407407407407408,0.7407407407407408,1,0.4888821,1,1020,1020,2.4638557800470386,135,0.4888821
A:7:HH11-T:859:O2P,A,ARG,7,NH1,HH11,T,SEP,859,O2P,A:ARG7,T:SEP859,A:ARG7 - T:SEP859,A:ARG7:HH11 -> T:SEP859:O2P,1,0.4888821,0.007352941176470588,0.7352941176470588,1,0.4888821,1,550,550,2.156990299536995,136,0.4888821
A:7:HH21-T:856:O1P,A,ARG,7,NH2,HH21,T,SEP,856,O1P,A:ARG7,T:SEP856,A:ARG7 - T:SEP856,A:ARG7:HH21 -> T:SEP856:O1P,1,0.4888821,0.007246376811594203,0.7246376811594203,1,0.4888821,1,720,720,2.005573489009515,138,0.4888821
A:160:HZ2-T:856:O1P,A,LYS,160,NZ,HZ2,T,SEP,856,O1P,A:LYS160,T:SEP856,A:LYS160 - T:SEP856,A:LYS160:HZ2 -> T:SEP856:O1P,1,0.4888821,0.007352941176470588,0.7352941176470588,1,0.4888821,1,360,360,2.157028755973912,136,0.4888821
A:160:HZ1-T:856:O1P,A,LYS,160,NZ,HZ1,T,SEP,856,O1P,A:LYS160,T:SEP856,A:LYS160 - T:SEP856,A:LYS160:HZ1 -> T:SEP856:O1P,1,0.4888821,0.007352941176470588,0.7352941176470588,1,0.4888821,1,1380,1380,2.14931703178551,136,0.4888821
