contact_id,tail_segid,tail_resname,tail_resid,arrestin_segid,arrestin_resname,arrestin_resid,tail_residue_label,arrestin_residue_label,contact_residue_label,frames_observed,lifetime_ps,occupancy_fraction,occupancy_percent,max_continuous_frames,max_continuous_ps,segments_count,first_observed_frame,last_observed_frame,mean_distance_angstrom,n_frames_analyzed,frame_dt_ps
T:858-A:10,T,ALA,858,A,LYS,10,T:ALA858,A:LYS10,T:ALA858 - A:LYS10,500,244.44105000000002,1.0,100.0,100,48.88821,5,-1,-1,2.8445147508249358,500,0.4888821
T:857-A:11,T,SEP,857,A,LYS,11,T:SEP857,A:LYS11,T:SEP857 - A:LYS11,497,242.97440369999998,0.994,99.4,100,48.88821,7,-1,-1,2.7343737231903775,500,0.4888821
T:860-A:8,T,TPO,860,A,VAL,8,T:TPO860,A:VAL8,T:TPO860 - A:VAL8,497,242.97440369999998,0.994,99.4,100,48.88821,7,-1,-1,2.9209504049129276,500,0.4888821
T:858-A:9,T,ALA,858,A,PHE,9,T:ALA858,A:PHE9,T:ALA858 - A:PHE9,494,241.5077574,0.988,98.8,100,48.88821,11,-1,-1,3.4524618013795814,500,0.4888821
T:857-A:25,T,SEP,857,A,ARG,25,T:SEP857,A:ARG25,T:SEP857 - A:ARG25,492,240.52999319999998,0.984,98.4,100,48.88821,11,-1,-1,2.711837246745669,500,0.4888821
T:859-A:8,T,SEP,859,A,VAL,8,T:SEP859,A:VAL8,T:SEP859 - A:VAL8,478,233.68564379999998,0.956,95.6,100,48.88821,12,-1,-1,3.409360467360141,500,0.4888821
T:860-A:10,T,TPO,860,A,LYS,10,T:TPO860,A:LYS10,T:TPO860 - A:LYS10,468,228.79682279999997,0.936,93.60000000000001,71,34.7106291,28,-1,-1,2.85909698028637,500,0.4888821
T:857-A:10,T,SEP,857,A,LYS,10,T:SEP857,A:LYS10,T:SEP857 - A:LYS10,454,221.9524734,0.908,90.8,40,19.555284,42,-1,-1,3.612939898907366,500,0.4888821
T:856-A:11,T,SEP,856,A,LYS,11,T:SEP856,A:LYS11,T:SEP856 - A:LYS11,445,217.5525345,0.89,89.0,76,37.1550396,36,-1,-1,3.039352537703891,500,0.4888821
T:863-A:103,T,PRO,863,A,ARG,103,T:PRO863,A:ARG103,T:PRO863 - A:ARG103,418,204.3527178,0.836,83.6,58,28.355161799999998,61,-1,-1,3.263337565546299,500,0.4888821
T:862-A:8,T,VAL,862,A,VAL,8,T:VAL862,A:VAL8,T:VAL862 - A:VAL8,400,195.55283999999997,0.8,80.0,35,17.1108735,68,-1,-1,3.679699205426975,500,0.4888821
T:859-A:9,T,SEP,859,A,PHE,9,T:SEP859,A:PHE9,T:SEP859 - A:PHE9,397,194.0861937,0.794,79.4,71,34.7106291,59,-1,-1,3.581216887130021,500,0.4888821
T:862-A:103,T,VAL,862,A,ARG,103,T:VAL862,A:ARG103,T:VAL862 - A:ARG103,375,183.33078749999999,0.75,75.0,80,39.110568,70,-1,-1,3.5195285425970426,500,0.4888821
T:864-A:103,T,THR,864,A,ARG,103,T:THR864,A:ARG103,T:THR864 - A:ARG103,350,171.108735,0.7,70.0,41,20.044166099999998,82,-1,-1,3.3726869608904546,500,0.4888821
T:859-A:7,T,SEP,859,A,ARG,7,T:SEP859,A:ARG7,T:SEP859 - A:ARG7,334,163.2866214,0.668,66.8,100,48.88821,20,-1,-1,2.9112796039436604,500,0.4888821
T:862-A:6,T,VAL,862,A,THR,6,T:VAL862,A:THR6,T:VAL862 - A:THR6,318,155.4645078,0.636,63.6,91,44.4882711,28,-1,-1,3.0738366246550815,500,0.4888821
T:857-A:166,T,SEP,857,A,LEU,166,T:SEP857,A:LEU166,T:SEP857 - A:LEU166,313,153.0200973,0.626,62.6,18,8.799877799999999,93,-1,-1,3.6119153294359556,500,0.4888821
T:861-A:6,T,TYR,861,A,THR,6,T:TYR861,A:THR6,T:TYR861 - A:THR6,284,138.8425164,0.71,71.0,90,43.999389,16,-1,-1,3.4932848718645806,400,0.4888821
T:862-A:104,T,VAL,862,A,LEU,104,T:VAL862,A:LEU104,T:VAL862 - A:LEU104,284,138.8425164,0.568,56.8,16,7.8221136,107,-1,-1,3.7593971004710545,500,0.4888821
T:860-A:7,T,TPO,860,A,ARG,7,T:TPO860,A:ARG7,T:TPO860 - A:ARG7,257,125.64269969999998,0.8566666666666667,85.66666666666667,90,43.999389,14,-1,-1,3.5239957453204127,300,0.4888821
T:861-A:5,T,TYR,861,A,GLY,5,T:TYR861,A:GLY5,T:TYR861 - A:GLY5,182,88.9765422,0.455,45.5,35,17.1108735,50,-1,-1,3.5648264480964094,400,0.4888821
T:861-A:107,T,TYR,861,A,LYS,107,T:TYR861,A:LYS107,T:TYR861 - A:LYS107,175,85.5543675,0.35,35.0,22,10.7554062,43,-1,-1,3.198097772300951,500,0.4888821
T:860-A:107,T,TPO,860,A,LYS,107,T:TPO860,A:LYS107,T:TPO860 - A:LYS107,173,84.5766033,0.346,34.599999999999994,31,15.1553451,40,-1,-1,2.8046580742751916,500,0.4888821
T:863-A:107,T,PRO,863,A,LYS,107,T:PRO863,A:LYS107,T:PRO863 - A:LYS107,172,84.08772119999999,0.344,34.4,21,10.2665241,80,-1,-1,3.7854205468521758,500,0.4888821
T:860-A:21,T,TPO,860,A,TYR,21,T:TPO860,A:TYR21,T:TPO860 - A:TYR21,165,80.6655465,0.33,33.0,9,4.3999388999999995,79,-1,-1,3.6308578661346362,500,0.4888821
T:861-A:7,T,TYR,861,A,ARG,7,T:TYR861,A:ARG7,T:TYR861 - A:ARG7,163,79.6877823,0.5433333333333333,54.333333333333336,33,16.1331093,43,-1,-1,3.661018370598222,300,0.4888821
T:862-A:5,T,VAL,862,A,GLY,5,T:VAL862,A:GLY5,T:VAL862 - A:GLY5,137,66.9768477,0.45666666666666667,45.666666666666664,32,15.6442272,21,-1,-1,3.416990594794357,300,0.4888821
T:862-A:100,T,VAL,862,A,LEU,100,T:VAL862,A:LEU100,T:VAL862 - A:LEU100,136,66.48796560000001,0.272,27.200000000000003,8,3.9110568,66,-1,-1,3.763105974139638,500,0.4888821
T:864-A:5,T,THR,864,A,GLY,5,T:THR864,A:GLY5,T:THR864 - A:GLY5,129,63.065790899999996,0.258,25.8,42,20.5330482,38,-1,-1,3.346917526078213,500,0.4888821
T:861-A:4,T,TYR,861,A,LYS,4,T:TYR861,A:LYS4,T:TYR861 - A:LYS4,128,62.57690879999999,0.4266666666666667,42.66666666666667,15,7.3332315,42,-1,-1,3.6688011989951392,300,0.4888821
T:864-A:99,T,THR,864,A,ARG,99,T:THR864,A:ARG99,T:THR864 - A:ARG99,127,62.0880267,0.254,25.4,16,7.8221136,43,-1,-1,3.2374280249357215,500,0.4888821
T:857-A:9,T,SEP,857,A,PHE,9,T:SEP857,A:PHE9,T:SEP857 - A:PHE9,122,59.6436162,0.244,24.4,11,5.3777031,48,-1,-1,3.680990606991,500,0.4888821
T:857-A:165,T,SEP,857,A,ARG,165,T:SEP857,A:ARG165,T:SEP857 - A:ARG165,118,57.6880878,0.236,23.599999999999998,15,7.3332315,62,-1,-1,3.6918281911991238,500,0.4888821
T:860-A:6,T,TPO,860,A,THR,6,T:TPO860,A:THR6,T:TPO860 - A:THR6,102,49.8659742,0.255,25.5,25,12.2220525,29,-1,-1,3.513270149908395,400,0.4888821
T:864-A:4,T,THR,864,A,LYS,4,T:THR864,A:LYS4,T:THR864 - A:LYS4,101,49.3770921,0.202,20.200000000000003,16,7.8221136,35,-1,-1,3.596404203503347,500,0.4888821
T:859-A:10,T,SEP,859,A,LYS,10,T:SEP859,A:LYS10,T:SEP859 - A:LYS10,101,49.3770921,0.202,20.200000000000003,6,2.9332925999999997,60,-1,-1,3.696485287418433,500,0.4888821
T:862-A:107,T,VAL,862,A,LYS,107,T:VAL862,A:LYS107,T:VAL862 - A:LYS107,90,43.999388999999994,0.18,18.0,7,3.4221747,57,-1,-1,3.803605016552232,500,0.4888821
T:864-A:6,T,THR,864,A,THR,6,T:THR864,A:THR6,T:THR864 - A:THR6,86,42.0438606,0.215,21.5,12,5.866585199999999,35,-1,-1,3.408168623987389,400,0.4888821
T:856-A:10,T,SEP,856,A,LYS,10,T:SEP856,A:LYS10,T:SEP856 - A:LYS10,82,40.0883322,0.164,16.400000000000002,8,3.9110568,47,-1,-1,3.6159108988566313,500,0.4888821
T:856-A:12,T,SEP,856,A,ALA,12,T:SEP856,A:ALA12,T:SEP856 - A:ALA12,70,34.221747,0.14,14.000000000000002,23,11.2442883,18,-1,-1,3.169651682236685,500,0.4888821
T:864-A:3,T,THR,864,A,ASP,3,T:THR864,A:ASP3,T:THR864 - A:ASP3,67,32.7551007,0.1675,16.75,25,12.2220525,30,-1,-1,3.4085186783745156,400,0.4888821
T:863-A:104,T,PRO,863,A,LEU,104,T:PRO863,A:LEU104,T:PRO863 - A:LEU104,47,22.9774587,0.094,9.4,6,2.9332925999999997,21,-1,-1,3.7853403940587893,500,0.4888821
T:864-A:1,T,THR,864,A,MET,1,T:THR864,A:MET1,T:THR864 - A:MET1,45,21.999694499999997,0.09,9.0,8,3.9110568,22,-1,-1,3.033182472337759,500,0.4888821
T:858-A:8,T,ALA,858,A,VAL,8,T:ALA858,A:VAL8,T:ALA858 - A:VAL8,44,21.510812400000002,0.11,11.0,6,2.9332925999999997,29,-1,-1,3.778202497951145,400,0.4888821
T:861-A:8,T,TYR,861,A,VAL,8,T:TYR861,A:VAL8,T:TYR861 - A:VAL8,44,21.5108124,0.11,11.0,6,2.9332925999999997,22,-1,-1,3.7719047303544646,400,0.4888821
T:860-A:9,T,TPO,860,A,PHE,9,T:TPO860,A:PHE9,T:TPO860 - A:PHE9,44,21.5108124,0.22,22.0,3,1.4666462999999998,33,-1,-1,3.8475785938170914,200,0.4888821
T:863-A:5,T,PRO,863,A,GLY,5,T:PRO863,A:GLY5,T:PRO863 - A:GLY5,43,21.0219303,0.14333333333333334,14.333333333333334,3,1.4666462999999998,26,-1,-1,3.7614805894664465,300,0.4888821
T:864-A:106,T,THR,864,A,LYS,106,T:THR864,A:LYS106,T:THR864 - A:LYS106,42,20.5330482,0.105,10.5,8,3.9110568,18,-1,-1,2.7607627554995764,400,0.4888821
T:857-A:167,T,SEP,857,A,VAL,167,T:SEP857,A:VAL167,T:SEP857 - A:VAL167,40,19.555284,0.4,40.0,14,6.8443494,11,100,1090,3.210664824776342,100,0.4888821
T:864-A:100,T,THR,864,A,LEU,100,T:THR864,A:LEU100,T:THR864 - A:LEU100,33,16.1331093,0.165,16.5,6,2.9332925999999997,21,-1,-1,3.7103715823844015,200,0.4888821
T:856-A:161,T,SEP,856,A,ARG,161,T:SEP856,A:ARG161,T:SEP856 - A:ARG161,32,15.644227200000001,0.08,8.0,9,4.3999388999999995,13,-1,-1,2.917553730462605,400,0.4888821
T:863-A:106,T,PRO,863,A,LYS,106,T:PRO863,A:LYS106,T:PRO863 - A:LYS106,20,9.777642,0.05,5.0,3,1.4666462999999998,16,-1,-1,3.852050763440244,400,0.4888821
T:863-A:3,T,PRO,863,A,ASP,3,T:PRO863,A:ASP3,T:PRO863 - A:ASP3,19,9.2887599,0.19,19.0,8,3.9110568,5,390,610,3.5384322193635,100,0.4888821
T:863-A:1,T,PRO,863,A,MET,1,T:PRO863,A:MET1,T:PRO863 - A:MET1,17,8.3109957,0.085,8.5,5,2.4444105,6,-1,-1,3.7417326876662433,200,0.4888821
T:862-A:4,T,VAL,862,A,LYS,4,T:VAL862,A:LYS4,T:VAL862 - A:LYS4,14,6.8443494,0.14,14.000000000000002,5,2.4444105,6,390,610,3.728114176981135,100,0.4888821
T:861-A:1,T,TYR,861,A,MET,1,T:TYR861,A:MET1,T:TYR861 - A:MET1,13,6.3554673,0.043333333333333335,4.333333333333334,4,1.9555284,8,-1,-1,3.6447165477464165,300,0.4888821
T:862-A:7,T,VAL,862,A,ARG,7,T:VAL862,A:ARG7,T:VAL862 - A:ARG7,13,6.355467299999999,0.065,6.5,2,0.9777642,11,-1,-1,3.8202951405399572,200,0.4888821
T:864-A:2,T,THR,864,A,GLY,2,T:THR864,A:GLY2,T:THR864 - A:GLY2,11,5.3777031,0.03666666666666667,3.6666666666666665,2,0.9777642,10,-1,-1,3.267592096645062,300,0.4888821
T:863-A:6,T,PRO,863,A,THR,6,T:PRO863,A:THR6,T:PRO863 - A:THR6,9,4.3999389,0.0225,2.25,2,0.9777642,8,-1,-1,3.6403458075225736,400,0.4888821
T:859-A:25,T,SEP,859,A,ARG,25,T:SEP859,A:ARG25,T:SEP859 - A:ARG25,8,3.9110568,0.04,4.0,3,1.4666462999999998,4,-1,-1,3.245790265509619,200,0.4888821
T:859-A:6,T,SEP,859,A,THR,6,T:SEP859,A:THR6,T:SEP859 - A:THR6,7,3.4221747,0.07,7.000000000000001,3,1.4666462999999998,5,910,1080,3.7482679851025513,100,0.4888821
T:862-A:3,T,VAL,862,A,ASP,3,T:VAL862,A:ASP3,T:VAL862 - A:ASP3,6,2.9332925999999997,0.06,6.0,1,0.4888821,6,410,590,3.6400573279352653,100,0.4888821
T:860-A:108,T,TPO,860,A,LEU,108,T:TPO860,A:LEU108,T:TPO860 - A:LEU108,6,2.9332925999999997,0.02,2.0,2,0.9777642,5,-1,-1,3.805619102792633,300,0.4888821
T:864-A:107,T,THR,864,A,LYS,107,T:THR864,A:LYS107,T:THR864 - A:LYS107,5,2.4444105,0.025,2.5,2,0.9777642,4,-1,-1,2.8395837724918342,200,0.4888821
T:862-A:1,T,VAL,862,A,MET,1,T:VAL862,A:MET1,T:VAL862 - A:MET1,3,1.4666462999999998,0.03,3.0,1,0.4888821,3,380,490,3.624658980320758,100,0.4888821
T:862-A:99,T,VAL,862,A,ARG,99,T:VAL862,A:ARG99,T:VAL862 - A:ARG99,3,1.4666462999999998,0.01,1.0,1,0.4888821,3,-1,-1,3.6498300553909058,300,0.4888821
T:863-A:99,T,PRO,863,A,ARG,99,T:PRO863,A:ARG99,T:PRO863 - A:ARG99,3,1.4666462999999998,0.015,1.5,2,0.9777642,2,-1,-1,3.635568444535729,200,0.4888821
T:863-A:2,T,PRO,863,A,GLY,2,T:PRO863,A:GLY2,T:PRO863 - A:GLY2,2,0.9777642,0.02,2.0,2,0.9777642,1,460,470,3.4200492663171644,100,0.4888821
T:856-A:165,T,SEP,856,A,ARG,165,T:SEP856,A:ARG165,T:SEP856 - A:ARG165,2,0.9777642,0.01,1.0,1,0.4888821,2,-1,-1,3.237868640014941,200,0.4888821
T:861-A:3,T,TYR,861,A,ASP,3,T:TYR861,A:ASP3,T:TYR861 - A:ASP3,2,0.9777642,0.02,2.0,2,0.9777642,1,840,850,3.3988231131204456,100,0.4888821
T:864-A:7,T,THR,864,A,ARG,7,T:THR864,A:ARG7,T:THR864 - A:ARG7,1,0.4888821,0.01,1.0,1,0.4888821,1,100,100,3.863007285981056,100,0.4888821
T:860-A:4,T,TPO,860,A,LYS,4,T:TPO860,A:LYS4,T:TPO860 - A:LYS4,1,0.4888821,0.01,1.0,1,0.4888821,1,1080,1080,3.8191602573337615,100,0.4888821
T:863-A:100,T,PRO,863,A,LEU,100,T:PRO863,A:LEU100,T:PRO863 - A:LEU100,1,0.4888821,0.01,1.0,1,0.4888821,1,140,140,3.75325315994534,100,0.4888821
T:863-A:4,T,PRO,863,A,LYS,4,T:PRO863,A:LYS4,T:PRO863 - A:LYS4,1,0.4888821,0.01,1.0,1,0.4888821,1,130,130,3.8803730576151305,100,0.4888821
