,A:RUN1,A:RUN2,A:RUN3,A:RUN4,A:RUN5,mglu3:RUN1,mglu3:RUN2,mglu3:RUN3,mglu3:RUN4,mglu3:RUN5,C665G:RUN1,C665G:RUN2,C665G:RUN3,C665G:RUN4,C665G:RUN5,I666G:RUN1,I666G:RUN2,I666G:RUN3,I666G:RUN4,I666G:RUN5,A667G:RUN1,A667G:RUN2,A667G:RUN3,A667G:RUN4,A667G:RUN5,F670G:RUN1,F670G:RUN2,F670G:RUN3,F670G:RUN4,F670G:RUN5,I669G:RUN1,I669G:RUN2,I669G:RUN3,I669G:RUN4,I669G:RUN5,R668G:RUN1,R668G:RUN2,R668G:RUN3,R668G:RUN4,R668G:RUN5,TM3-6G:RUN1,TM3-6G:RUN2,TM3-6G:RUN3,TM3-6G:RUN4,TM3-6G:RUN5
A:RUN1,1.000000,0.962934,0.818631,0.973114,0.967236,0.421512,0.513392,0.409599,0.488534,0.637495,0.957295,0.967336,0.964150,0.910727,0.864727,0.945097,0.873358,0.952153,0.953384,0.940611,0.952321,0.942771,0.956551,0.924589,0.969753,0.964673,0.912540,0.962110,0.973657,0.900314,0.941173,0.951192,0.981757,0.913126,0.905008,0.949788,0.947323,0.930260,0.914563,0.967099,0.884245,0.938349,0.715536,0.931151,0.911833
A:RUN2,0.962934,1.000000,0.736018,0.950381,0.985639,0.353226,0.445046,0.349683,0.417507,0.560721,0.923126,0.987080,0.955663,0.824378,0.794393,0.918386,0.827016,0.907296,0.919269,0.895262,0.916635,0.903089,0.974991,0.873886,0.964019,0.979598,0.874929,0.938676,0.983865,0.818999,0.891911,0.968356,0.975942,0.856881,0.839658,0.913113,0.920439,0.986410,0.853053,0.955556,0.831346,0.969222,0.598887,0.873411,0.869017
A:RUN3,0.818631,0.736018,1.000000,0.888022,0.787755,0.540323,0.605446,0.535652,0.594394,0.753218,0.873972,0.775507,0.842629,0.906903,0.966442,0.867467,0.881122,0.905181,0.888082,0.932141,0.909419,0.930276,0.728356,0.929205,0.854401,0.788855,0.841196,0.872340,0.782378,0.896675,0.934114,0.799587,0.818530,0.943141,0.931187,0.919675,0.921418,0.688282,0.953535,0.765461,0.964144,0.703263,0.937986,0.915691,0.951410
A:RUN4,0.973114,0.950381,0.888022,1.000000,0.968537,0.468385,0.555713,0.457586,0.529593,0.693382,0.971988,0.967470,0.978245,0.933192,0.926293,0.960473,0.909077,0.966522,0.970727,0.970495,0.977723,0.977220,0.939582,0.963561,0.980835,0.966432,0.917601,0.976038,0.964646,0.917818,0.969633,0.963471,0.978380,0.957813,0.941903,0.972381,0.980068,0.924543,0.951223,0.951809,0.939273,0.923422,0.787778,0.952312,0.962248
A:RUN5,0.967236,0.985639,0.787755,0.968537,1.000000,0.418093,0.513336,0.412999,0.484074,0.633695,0.944469,0.989992,0.965096,0.855767,0.840824,0.935064,0.859785,0.931193,0.935960,0.917886,0.948236,0.928522,0.959675,0.904778,0.972828,0.980339,0.895215,0.956338,0.981466,0.847116,0.919603,0.978132,0.979311,0.898769,0.870757,0.935426,0.944393,0.975372,0.885521,0.952581,0.876260,0.954023,0.663276,0.892127,0.904947
mglu3:RUN1,0.421512,0.353226,0.540323,0.468385,0.418093,1.000000,0.945636,0.993844,0.965242,0.730729,0.474557,0.395384,0.473519,0.532014,0.535602,0.474023,0.476917,0.488178,0.437266,0.455380,0.484601,0.469156,0.359741,0.491157,0.418697,0.406845,0.406226,0.431721,0.415380,0.491702,0.513372,0.409048,0.398893,0.541885,0.495498,0.462157,0.491779,0.345281,0.504116,0.380197,0.553626,0.327440,0.555062,0.472062,0.466422
mglu3:RUN2,0.513392,0.445046,0.605446,0.555713,0.513336,0.945636,1.000000,0.937842,0.994170,0.868481,0.579164,0.473074,0.558439,0.631037,0.598477,0.579758,0.580710,0.565206,0.526858,0.542263,0.563634,0.548771,0.452435,0.547874,0.508049,0.474648,0.482826,0.531304,0.500301,0.599182,0.598326,0.469632,0.488591,0.608090,0.586862,0.547104,0.577528,0.434246,0.595007,0.466010,0.634970,0.433702,0.624391,0.568142,0.537085
mglu3:RUN3,0.409599,0.349683,0.535652,0.457586,0.412999,0.993844,0.937842,1.000000,0.960155,0.720572,0.459517,0.384968,0.457465,0.510828,0.523819,0.466236,0.466804,0.483404,0.430538,0.444753,0.480675,0.456331,0.347178,0.472431,0.409733,0.396000,0.398058,0.421618,0.407993,0.470483,0.503952,0.403972,0.390759,0.527072,0.479407,0.453949,0.487083,0.343573,0.495070,0.355947,0.550224,0.319945,0.544985,0.453965,0.459263
mglu3:RUN4,0.488534,0.417507,0.594394,0.529593,0.484074,0.965242,0.994170,0.960155,1.000000,0.839365,0.551244,0.446139,0.533087,0.610427,0.581505,0.552152,0.554220,0.546401,0.503146,0.519793,0.542288,0.525240,0.425127,0.528623,0.480729,0.448878,0.462785,0.501853,0.476226,0.574411,0.579710,0.445244,0.462997,0.586961,0.563998,0.525823,0.557801,0.403696,0.576256,0.437138,0.615715,0.401869,0.616142,0.545174,0.518385
mglu3:RUN5,0.637495,0.560721,0.753218,0.693382,0.633695,0.730729,0.868481,0.720572,0.839365,1.000000,0.701730,0.588769,0.670718,0.761626,0.746531,0.712538,0.724067,0.719480,0.659457,0.678771,0.705832,0.682502,0.549389,0.684904,0.645651,0.589596,0.623221,0.664748,0.607220,0.718326,0.741342,0.596643,0.621067,0.752139,0.734773,0.673477,0.727363,0.535376,0.729033,0.580943,0.773056,0.522885,0.766967,0.711632,0.696313
C665G:RUN1,0.957295,0.923126,0.873972,0.971988,0.944469,0.474557,0.579164,0.459517,0.551244,0.701730,1.000000,0.942376,0.972289,0.935969,0.913029,0.967529,0.944044,0.928864,0.971346,0.969976,0.959984,0.970147,0.931714,0.942237,0.961927,0.935839,0.926105,0.977522,0.945301,0.952329,0.960601,0.919272,0.965531,0.935329,0.961624,0.961930,0.956900,0.893759,0.942858,0.944590,0.928346,0.916614,0.797992,0.947894,0.931691
C665G:RUN2,0.967336,0.987080,0.775507,0.967470,0.989992,0.395384,0.473074,0.384968,0.446139,0.588769,0.942376,1.000000,0.972397,0.847797,0.839037,0.922688,0.845238,0.920080,0.930348,0.916551,0.936373,0.930366,0.970191,0.909613,0.974820,0.990959,0.883588,0.951899,0.983398,0.849272,0.910163,0.982997,0.981808,0.897445,0.866014,0.931973,0.937130,0.978635,0.872544,0.970500,0.863418,0.959176,0.647796,0.896475,0.902871
C665G:RUN3,0.964150,0.955663,0.842629,0.978245,0.965096,0.473519,0.558439,0.457465,0.533087,0.670718,0.972289,0.972397,1.000000,0.921205,0.901217,0.953006,0.894995,0.931332,0.954660,0.947785,0.952043,0.957425,0.961377,0.931604,0.976756,0.970575,0.900244,0.958680,0.973469,0.922735,0.944356,0.955896,0.977580,0.926756,0.925915,0.944908,0.965409,0.937667,0.916268,0.971774,0.911205,0.943513,0.753935,0.952135,0.934314
C665G:RUN4,0.910727,0.824378,0.906903,0.933192,0.855767,0.532014,0.631037,0.510828,0.610427,0.761626,0.935969,0.847797,0.921205,1.000000,0.931748,0.927773,0.896959,0.918427,0.926198,0.934128,0.927518,0.932837,0.850371,0.921169,0.898517,0.851633,0.878801,0.906466,0.874348,0.957229,0.952958,0.835001,0.894949,0.916607,0.947187,0.913446,0.937765,0.775235,0.949182,0.883564,0.923161,0.822669,0.879980,0.958766,0.925487
C665G:RUN5,0.864727,0.794393,0.966442,0.926293,0.840824,0.535602,0.598477,0.523819,0.581505,0.746531,0.913029,0.839037,0.901217,0.931748,1.000000,0.899150,0.907060,0.928775,0.922579,0.939700,0.945185,0.945377,0.785948,0.946093,0.905956,0.847378,0.872209,0.905412,0.836342,0.928282,0.949296,0.854010,0.871079,0.963437,0.953383,0.921280,0.952664,0.752312,0.943399,0.839260,0.969988,0.761141,0.929264,0.941122,0.970007
I666G:RUN1,0.945097,0.918386,0.867467,0.960473,0.935064,0.474023,0.579758,0.466236,0.552152,0.712538,0.967529,0.922688,0.953006,0.927773,0.899150,1.000000,0.955287,0.937881,0.968750,0.954302,0.954346,0.951445,0.917605,0.920751,0.950788,0.927059,0.957314,0.973080,0.936687,0.920892,0.959421,0.913144,0.949014,0.916239,0.959485,0.941089,0.955732,0.890205,0.935530,0.912872,0.917631,0.905097,0.778862,0.939141,0.916174
I666G:RUN2,0.873358,0.827016,0.881122,0.909077,0.859785,0.476917,0.580710,0.466804,0.554220,0.724067,0.944044,0.845238,0.894995,0.896959,0.907060,0.955287,1.000000,0.895652,0.942324,0.927655,0.927786,0.926429,0.827802,0.890671,0.891493,0.849143,0.948319,0.944539,0.862161,0.910184,0.934982,0.839690,0.890730,0.903745,0.972087,0.903079,0.918395,0.791748,0.910725,0.835943,0.913055,0.808416,0.828118,0.891483,0.886754
I666G:RUN3,0.952153,0.907296,0.905181,0.966522,0.931193,0.488178,0.565206,0.483404,0.546401,0.719480,0.928864,0.920080,0.931332,0.918427,0.928775,0.937881,0.895652,1.000000,0.949215,0.940370,0.974215,0.948814,0.873465,0.952941,0.950736,0.922988,0.917875,0.944342,0.925279,0.881543,0.972860,0.936386,0.940338,0.958421,0.922917,0.950781,0.970023,0.861818,0.945916,0.892707,0.947231,0.844112,0.818243,0.924729,0.951238
I666G:RUN4,0.953384,0.919269,0.888082,0.970727,0.935960,0.437266,0.526858,0.430538,0.503146,0.659457,0.971346,0.930348,0.954660,0.926198,0.922579,0.968750,0.942324,0.949215,1.000000,0.970561,0.970036,0.969585,0.916734,0.943054,0.964031,0.928748,0.949729,0.978847,0.941419,0.930114,0.966385,0.923361,0.958812,0.932303,0.955768,0.966342,0.963910,0.881919,0.957736,0.922028,0.933828,0.903541,0.802438,0.941228,0.946456
I666G:RUN5,0.940611,0.895262,0.932141,0.970495,0.917886,0.455380,0.542263,0.444753,0.519793,0.678771,0.969976,0.916551,0.947785,0.934128,0.939700,0.954302,0.927655,0.940370,0.970561,1.000000,0.957824,0.987131,0.901584,0.970032,0.957437,0.922281,0.917078,0.973873,0.916460,0.943474,0.965103,0.910687,0.941273,0.954462,0.965954,0.985151,0.964453,0.861300,0.977211,0.917175,0.946810,0.885984,0.827180,0.965624,0.963937
A667G:RUN1,0.952321,0.916635,0.909419,0.977723,0.948236,0.484601,0.563634,0.480675,0.542288,0.705832,0.959984,0.936373,0.952043,0.927518,0.945185,0.954346,0.927786,0.974215,0.970036,0.957824,1.000000,0.968596,0.893239,0.953838,0.961811,0.932648,0.934217,0.966656,0.938222,0.914789,0.979403,0.946015,0.960455,0.959853,0.946642,0.959438,0.977056,0.881481,0.950455,0.910363,0.958788,0.875315,0.839156,0.930293,0.968000
A667G:RUN2,0.942771,0.903089,0.930276,0.977220,0.928522,0.469156,0.548771,0.456331,0.525240,0.682502,0.970147,0.930366,0.957425,0.932837,0.945377,0.951445,0.926429,0.948814,0.969585,0.987131,0.968596,1.000000,0.905418,0.979565,0.963138,0.932451,0.916546,0.973912,0.927017,0.942948,0.970360,0.927135,0.950170,0.965854,0.963256,0.985547,0.966892,0.873874,0.970869,0.925086,0.956479,0.888201,0.832381,0.957825,0.970874
A667G:RUN3,0.956551,0.974991,0.728356,0.939582,0.959675,0.359741,0.452435,0.347178,0.425127,0.549389,0.931714,0.970191,0.961377,0.850371,0.785948,0.917605,0.827802,0.873465,0.916734,0.901584,0.893239,0.905418,1.000000,0.864142,0.949754,0.966832,0.863776,0.930251,0.978903,0.854083,0.882187,0.940259,0.969443,0.833226,0.850577,0.906973,0.907486,0.966961,0.858232,0.969648,0.809680,0.982348,0.599756,0.894576,0.859028
A667G:RUN4,0.924589,0.873886,0.929205,0.963561,0.904778,0.491157,0.547874,0.472431,0.528623,0.684904,0.942237,0.909613,0.931604,0.921169,0.946093,0.920751,0.890671,0.952941,0.943054,0.970032,0.953838,0.979565,0.864142,1.000000,0.943879,0.916382,0.897441,0.947013,0.893258,0.909842,0.959711,0.915366,0.919507,0.978285,0.944638,0.971376,0.950003,0.836485,0.960582,0.906457,0.945169,0.832567,0.829032,0.939631,0.962328
A667G:RUN5,0.969753,0.964019,0.854401,0.980835,0.972828,0.418697,0.508049,0.409733,0.480729,0.645651,0.961927,0.974820,0.976756,0.898517,0.905956,0.950788,0.891493,0.950736,0.964031,0.957437,0.961811,0.963138,0.949754,0.943879,1.000000,0.974326,0.911645,0.971415,0.972693,0.903814,0.947196,0.963991,0.978138,0.930704,0.922757,0.963605,0.971777,0.940080,0.929516,0.964250,0.913611,0.937037,0.738796,0.949326,0.944797
F670G:RUN1,0.964673,0.979598,0.788855,0.966432,0.980339,0.406845,0.474648,0.396000,0.448878,0.589596,0.935839,0.990959,0.970575,0.851633,0.847378,0.927059,0.849143,0.922988,0.928748,0.922281,0.932648,0.932451,0.966832,0.916382,0.974326,1.000000,0.891988,0.949548,0.978843,0.842736,0.912616,0.979542,0.977443,0.906694,0.873039,0.931077,0.939511,0.971710,0.875866,0.970410,0.863987,0.945588,0.646211,0.906119,0.904293
F670G:RUN2,0.912540,0.874929,0.841196,0.917601,0.895215,0.406226,0.482826,0.398058,0.462785,0.623221,0.926105,0.883588,0.900244,0.878801,0.872209,0.957314,0.948319,0.917875,0.949729,0.917078,0.934217,0.916546,0.863776,0.897441,0.911645,0.891988,1.000000,0.945231,0.901171,0.863787,0.933754,0.880545,0.917037,0.884484,0.939756,0.903508,0.918237,0.828817,0.902671,0.870432,0.873149,0.836567,0.747688,0.881206,0.879989
F670G:RUN3,0.962110,0.938676,0.872340,0.976038,0.956338,0.431721,0.531304,0.421618,0.501853,0.664748,0.977522,0.951899,0.958680,0.906466,0.905412,0.973080,0.944539,0.944342,0.978847,0.973873,0.966656,0.973912,0.930251,0.947013,0.971415,0.949548,0.945231,1.000000,0.947890,0.920474,0.956966,0.937923,0.966282,0.939544,0.952274,0.974825,0.955819,0.913610,0.943696,0.937827,0.922713,0.923343,0.764865,0.936021,0.936247
F670G:RUN4,0.973657,0.983865,0.782378,0.964646,0.981466,0.415380,0.500301,0.407993,0.476226,0.607220,0.945301,0.983398,0.973469,0.874348,0.836342,0.936687,0.862161,0.925279,0.941419,0.916460,0.938222,0.927017,0.978903,0.893258,0.972693,0.978843,0.901171,0.947890,1.000000,0.865415,0.921901,0.965988,0.987697,0.878434,0.878470,0.927954,0.945729,0.966994,0.884882,0.964412,0.863742,0.963299,0.666262,0.907129,0.897944
F670G:RUN5,0.900314,0.818999,0.896675,0.917818,0.847116,0.491702,0.599182,0.470483,0.574411,0.718326,0.952329,0.849272,0.922735,0.957229,0.928282,0.920892,0.910184,0.881543,0.930114,0.943474,0.914789,0.942948,0.854083,0.909842,0.903814,0.842736,0.863787,0.920474,0.865415,1.000000,0.928093,0.825713,0.895109,0.904297,0.954432,0.921661,0.919329,0.776401,0.935574,0.889876,0.922952,0.843316,0.877496,0.958406,0.921311
I669G:RUN1,0.941173,0.891911,0.934114,0.969633,0.919603,0.513372,0.598326,0.503952,0.579710,0.741342,0.960601,0.910163,0.944356,0.952958,0.949296,0.959421,0.934982,0.972860,0.966385,0.965103,0.979403,0.970360,0.882187,0.959711,0.947196,0.912616,0.933754,0.956966,0.921901,0.928093,1.000000,0.911304,0.943620,0.961963,0.959462,0.961837,0.975238,0.846479,0.967166,0.897799,0.966107,0.852699,0.866431,0.948196,0.964939
I669G:RUN2,0.951192,0.968356,0.799587,0.963471,0.978132,0.409048,0.469632,0.403972,0.445244,0.596643,0.919272,0.982997,0.955896,0.835001,0.854010,0.913144,0.839690,0.936386,0.923361,0.910687,0.946015,0.927135,0.940259,0.915366,0.963991,0.979542,0.880545,0.937923,0.965988,0.825713,0.911304,1.000000,0.965980,0.909536,0.862904,0.924752,0.943436,0.960247,0.875685,0.937363,0.875750,0.924668,0.667318,0.884353,0.913934
I669G:RUN3,0.981757,0.975942,0.818530,0.978380,0.979311,0.398893,0.488591,0.390759,0.462997,0.621067,0.965531,0.981808,0.977580,0.894949,0.871079,0.949014,0.890730,0.940338,0.958812,0.941273,0.960455,0.950170,0.969443,0.919507,0.978138,0.977443,0.917037,0.966282,0.987697,0.895109,0.943620,0.965980,1.000000,0.909481,0.911215,0.947437,0.958722,0.952939,0.907739,0.965764,0.893339,0.951100,0.716022,0.922668,0.921627
I669G:RUN4,0.913126,0.856881,0.943141,0.957813,0.898769,0.541885,0.608090,0.527072,0.586961,0.752139,0.935329,0.897445,0.926756,0.916607,0.963437,0.916239,0.903745,0.958421,0.932303,0.954462,0.959853,0.965854,0.833226,0.978285,0.930704,0.906694,0.884484,0.939544,0.878434,0.904297,0.961963,0.909536,0.909481,1.000000,0.940745,0.956032,0.953341,0.824641,0.946306,0.883495,0.969175,0.803664,0.864202,0.931910,0.966059
I669G:RUN5,0.905008,0.839658,0.931187,0.941903,0.870757,0.495498,0.586862,0.479407,0.563998,0.734773,0.961624,0.866014,0.925915,0.947187,0.953383,0.959485,0.972087,0.922917,0.955768,0.965954,0.946642,0.963256,0.850577,0.944638,0.922757,0.873039,0.939756,0.952274,0.878470,0.954432,0.959462,0.862904,0.911215,0.940745,1.000000,0.940130,0.952270,0.796534,0.956297,0.876396,0.939411,0.823672,0.871048,0.950839,0.932505
R668G:RUN1,0.949788,0.913113,0.919675,0.972381,0.935426,0.462157,0.547104,0.453949,0.525823,0.673477,0.961930,0.931973,0.944908,0.913446,0.921280,0.941089,0.903079,0.950781,0.966342,0.985151,0.959438,0.985547,0.906973,0.971376,0.963605,0.931077,0.903508,0.974825,0.927954,0.921661,0.961837,0.924752,0.947437,0.956032,0.940130,1.000000,0.959423,0.881865,0.972407,0.920144,0.944376,0.892996,0.801020,0.949645,0.961796
R668G:RUN2,0.947323,0.920439,0.921418,0.980068,0.944393,0.491779,0.577528,0.487083,0.557801,0.727363,0.956900,0.937130,0.965409,0.937765,0.952664,0.955732,0.918395,0.970023,0.963910,0.964453,0.977056,0.966892,0.907486,0.950003,0.971777,0.939511,0.918237,0.955819,0.945729,0.919329,0.975238,0.943436,0.958722,0.953341,0.952270,0.959423,1.000000,0.887551,0.958941,0.916381,0.955647,0.885445,0.833629,0.961446,0.970760
R668G:RUN3,0.930260,0.986410,0.688282,0.924543,0.975372,0.345281,0.434246,0.343573,0.403696,0.535376,0.893759,0.978635,0.937667,0.775235,0.752312,0.890205,0.791748,0.861818,0.881919,0.861300,0.881481,0.873874,0.966961,0.836485,0.940080,0.971710,0.828817,0.913610,0.966994,0.776401,0.846479,0.960247,0.952939,0.824641,0.796534,0.881865,0.887551,1.000000,0.805986,0.936999,0.794011,0.970350,0.537565,0.837307,0.836363
R668G:RUN4,0.914563,0.853053,0.953535,0.951223,0.885521,0.504116,0.595007,0.495070,0.576256,0.729033,0.942858,0.872544,0.916268,0.949182,0.943399,0.935530,0.910725,0.945916,0.957736,0.977211,0.950455,0.970869,0.858232,0.960582,0.929516,0.875866,0.902671,0.943696,0.884882,0.935574,0.967166,0.875685,0.907739,0.946306,0.956297,0.972407,0.958941,0.805986,1.000000,0.871590,0.950085,0.837389,0.861842,0.957498,0.959177
R668G:RUN5,0.967099,0.955556,0.765461,0.951809,0.952581,0.380197,0.466010,0.355947,0.437138,0.580943,0.944590,0.970500,0.971774,0.883564,0.839260,0.912872,0.835943,0.892707,0.922028,0.917175,0.910363,0.925086,0.969648,0.906457,0.964250,0.970410,0.870432,0.937827,0.964412,0.889876,0.897799,0.937363,0.965764,0.883495,0.876396,0.920144,0.916381,0.936999,0.871590,1.000000,0.839237,0.949003,0.656763,0.927000,0.888306
TM3-6G:RUN1,0.884245,0.831346,0.964144,0.939273,0.876260,0.553626,0.634970,0.550224,0.615715,0.773056,0.928346,0.863418,0.911205,0.923161,0.969988,0.917631,0.913055,0.947231,0.933828,0.946810,0.958788,0.956479,0.809680,0.945169,0.913611,0.863987,0.873149,0.922713,0.863742,0.922952,0.966107,0.875750,0.893339,0.969175,0.939411,0.944376,0.955647,0.794011,0.950085,0.839237,1.000000,0.793291,0.920619,0.925094,0.973365
TM3-6G:RUN2,0.938349,0.969222,0.703263,0.923422,0.954023,0.327440,0.433702,0.319945,0.401869,0.522885,0.916614,0.959176,0.943513,0.822669,0.761141,0.905097,0.808416,0.844112,0.903541,0.885984,0.875315,0.888201,0.982348,0.832567,0.937037,0.945588,0.836567,0.923343,0.963299,0.843316,0.852699,0.924668,0.951100,0.803664,0.823672,0.892996,0.885445,0.970350,0.837389,0.949003,0.793291,1.000000,0.576622,0.873943,0.842868
TM3-6G:RUN3,0.715536,0.598887,0.937986,0.787778,0.663276,0.555062,0.624391,0.544985,0.616142,0.766967,0.797992,0.647796,0.753935,0.879980,0.929264,0.778862,0.828118,0.818243,0.802438,0.827180,0.839156,0.832381,0.599756,0.829032,0.738796,0.646211,0.747688,0.764865,0.666262,0.877496,0.866431,0.667318,0.716022,0.864202,0.871048,0.801020,0.833629,0.537565,0.861842,0.656763,0.920619,0.576622,1.000000,0.830216,0.880684
TM3-6G:RUN4,0.931151,0.873411,0.915691,0.952312,0.892127,0.472062,0.568142,0.453965,0.545174,0.711632,0.947894,0.896475,0.952135,0.958766,0.941122,0.939141,0.891483,0.924729,0.941228,0.965624,0.930293,0.957825,0.894576,0.939631,0.949326,0.906119,0.881206,0.936021,0.907129,0.958406,0.948196,0.884353,0.922668,0.931910,0.950839,0.949645,0.961446,0.837307,0.957498,0.927000,0.925094,0.873943,0.830216,1.000000,0.949328
TM3-6G:RUN5,0.911833,0.869017,0.951410,0.962248,0.904947,0.466422,0.537085,0.459263,0.518385,0.696313,0.931691,0.902871,0.934314,0.925487,0.970007,0.916174,0.886754,0.951238,0.946456,0.963937,0.968000,0.970874,0.859028,0.962328,0.944797,0.904293,0.879989,0.936247,0.897944,0.921311,0.964939,0.913934,0.921627,0.966059,0.932505,0.961796,0.970760,0.836363,0.959177,0.888306,0.973365,0.842868,0.880684,0.949328,1.000000
