frame,time_ps,T:SEP856,T:SEP857,T:SEP859,T:TPO860,total_sasa_angstrom2,run_id
200,200.0,151.33384704589844,22.009075164794922,119.34519958496094,55.102699279785156,347.79082107543945,RUN1
225,225.0,183.5301971435547,50.5013542175293,72.41883087158203,43.1059684753418,349.5563507080078,RUN1
250,250.0,191.9568328857422,15.00088882446289,47.71354675292969,40.0269775390625,294.69824600219727,RUN1
275,275.0,209.77993774414062,33.157623291015625,25.61260986328125,46.851280212402344,315.40145111083984,RUN1
300,300.0,105.57882690429688,49.627262115478516,57.216712951660156,52.91120910644531,265.33401107788086,RUN1
325,325.0,52.871421813964844,32.91410827636719,32.239280700683594,51.1424560546875,169.16726684570312,RUN1
350,350.0,130.0292205810547,31.218887329101562,82.78356170654297,44.70109176635742,288.73276138305664,RUN1
375,375.0,174.79429626464844,48.07886505126953,104.2037353515625,27.772619247436523,354.849515914917,RUN1
400,400.0,147.12205505371094,56.69066619873047,85.75949096679688,38.556793212890625,328.1290054321289,RUN1
425,425.0,128.50241088867188,68.5599365234375,45.83742904663086,38.29793930053711,281.19771575927734,RUN1
450,450.0,163.12655639648438,76.02287292480469,58.86369705200195,62.632076263427734,360.64520263671875,RUN1
475,475.0,174.01437377929688,38.56001663208008,46.531192779541016,53.25684356689453,312.3624267578125,RUN1
500,500.0,196.44830322265625,61.5058479309082,12.31537914276123,45.529972076416016,315.7995023727417,RUN1
525,525.0,119.99927520751953,32.507320404052734,13.839841842651367,46.11549758911133,212.46193504333496,RUN1
550,550.0,112.11808776855469,45.13063430786133,29.737733840942383,52.282493591308594,239.268949508667,RUN1
575,575.0,238.5807647705078,58.336273193359375,32.11177062988281,48.087642669677734,377.11645126342773,RUN1
600,600.0,139.5028839111328,45.25498962402344,13.673410415649414,52.67424774169922,251.10553169250488,RUN1
625,625.0,170.3530731201172,59.71705627441406,14.408162117004395,59.83712387084961,304.31541538238525,RUN1
650,650.0,140.1086883544922,25.765583038330078,33.18962860107422,46.79280471801758,245.85670471191406,RUN1
675,675.0,87.39276123046875,37.225406646728516,27.938461303710938,22.883960723876953,175.44058990478516,RUN1
700,700.0,134.98033142089844,37.293094635009766,14.528993606567383,81.84770202636719,268.6501216888428,RUN1
725,725.0,98.79991149902344,28.774682998657227,33.152095794677734,42.73035430908203,203.45704460144043,RUN1
750,750.0,140.510498046875,68.76264953613281,41.810829162597656,57.55678939819336,308.6407661437988,RUN1
775,775.0,100.63330078125,50.35820388793945,40.6268310546875,42.69627380371094,234.3146095275879,RUN1
800,800.0,70.66846466064453,41.65496063232422,33.833526611328125,56.308563232421875,202.46551513671875,RUN1
825,825.0,65.43499755859375,22.047414779663086,33.40807342529297,72.91681671142578,193.8073024749756,RUN1
850,850.0,51.11146545410156,33.97556686401367,41.43585968017578,87.91969299316406,214.44258499145508,RUN1
875,875.0,64.8332748413086,42.01494598388672,58.79117965698242,57.04847717285156,222.6878776550293,RUN1
900,900.0,62.42592239379883,26.64420509338379,27.73984718322754,40.57344055175781,157.38341522216797,RUN1
925,925.0,58.21210479736328,44.432106018066406,37.10902404785156,47.13529968261719,186.88853454589844,RUN1
950,950.0,90.27349853515625,50.915672302246094,19.426435470581055,42.762351989746094,203.3779582977295,RUN1
975,975.0,75.82072448730469,49.3930549621582,18.688093185424805,42.23164367675781,186.1335163116455,RUN1
1000,1000.0,76.42744445800781,46.24323272705078,25.302806854248047,43.642581939697266,191.6160659790039,RUN1
1025,1025.0,66.63259887695312,34.62290573120117,15.484952926635742,47.934669494628906,164.67512702941895,RUN1
1050,1050.0,40.28025817871094,43.80598831176758,27.06170654296875,53.667015075683594,164.81496810913086,RUN1
1075,1075.0,58.86376190185547,33.019020080566406,36.22065353393555,37.486637115478516,165.59007263183594,RUN1
200,200.0,129.96119689941406,93.0057144165039,64.93144226074219,87.74443054199219,375.64278411865234,RUN2
225,225.0,242.27125549316406,114.60806274414062,46.120811462402344,81.04827117919922,484.04840087890625,RUN2
250,250.0,155.95606994628906,155.57009887695312,30.949325561523438,85.9416275024414,428.41712188720703,RUN2
275,275.0,259.2315368652344,156.12982177734375,68.67491912841797,75.49305725097656,559.5293350219727,RUN2
300,300.0,241.0151824951172,151.86343383789062,76.34361267089844,83.24242401123047,552.4646530151367,RUN2
325,325.0,145.25534057617188,135.95706176757812,61.21022033691406,91.72555541992188,434.14817810058594,RUN2
350,350.0,121.71327209472656,140.9503631591797,46.51383590698242,86.55850982666016,395.7359809875488,RUN2
375,375.0,157.5994415283203,115.59169006347656,46.75361633300781,95.34144592285156,415.28619384765625,RUN2
400,400.0,161.7994842529297,114.50379943847656,43.557437896728516,93.30325317382812,413.1639747619629,RUN2
425,425.0,185.65277099609375,105.72196960449219,40.609107971191406,113.12248229980469,445.10633087158203,RUN2
450,450.0,122.69598388671875,131.3909912109375,38.904579162597656,94.53910064697266,387.53065490722656,RUN2
475,475.0,129.0778350830078,91.7176742553711,46.29536819458008,87.1920166015625,354.2828941345215,RUN2
500,500.0,132.2744140625,63.06106948852539,46.74580764770508,73.120361328125,315.20165252685547,RUN2
525,525.0,107.6162109375,83.82820129394531,64.51028442382812,81.50203704833984,337.4567337036133,RUN2
550,550.0,69.76054382324219,60.874515533447266,72.90797424316406,81.72437286376953,285.26740646362305,RUN2
575,575.0,68.17544555664062,66.37372589111328,65.98109436035156,93.22269439697266,293.7529602050781,RUN2
600,600.0,72.80059051513672,73.63360595703125,32.7841796875,112.73823547363281,291.9566116333008,RUN2
625,625.0,58.7817268371582,74.65946960449219,39.71239471435547,114.87090301513672,288.0244941711426,RUN2
650,650.0,100.10668182373047,86.5400619506836,45.82842254638672,120.71707916259766,353.19224548339844,RUN2
675,675.0,73.46128845214844,67.30786895751953,46.20209503173828,111.03618621826172,298.00743865966797,RUN2
700,700.0,65.40493774414062,68.37007904052734,61.17717742919922,116.52412414550781,311.476318359375,RUN2
725,725.0,64.09996795654297,59.111629486083984,57.74184036254883,100.35272216796875,281.30615997314453,RUN2
750,750.0,61.39642333984375,43.368473052978516,44.17427444458008,110.71016693115234,259.6493377685547,RUN2
775,775.0,70.60382080078125,83.15119171142578,55.75615692138672,96.12545013427734,305.6366195678711,RUN2
800,800.0,54.35529327392578,73.05635833740234,28.291255950927734,114.48435974121094,270.1872673034668,RUN2
825,825.0,98.51191711425781,86.99603271484375,57.337093353271484,127.94624328613281,370.79128646850586,RUN2
850,850.0,91.38790130615234,72.37835693359375,47.156585693359375,102.44210815429688,313.36495208740234,RUN2
875,875.0,83.33482360839844,58.34330749511719,54.20231628417969,90.82503509521484,286.70548248291016,RUN2
900,900.0,74.14665985107422,112.5351333618164,44.167659759521484,98.02408599853516,328.87353897094727,RUN2
925,925.0,72.97938537597656,73.90696716308594,46.67451477050781,125.87732696533203,319.43819427490234,RUN2
950,950.0,97.42144012451172,66.65208435058594,43.70470428466797,107.1313705444336,314.9095993041992,RUN2
975,975.0,143.57315063476562,71.73358917236328,60.892601013183594,154.60118103027344,430.80052185058594,RUN2
1000,1000.0,142.12997436523438,106.66956329345703,37.113182067871094,102.22120666503906,388.13392639160156,RUN2
1025,1025.0,135.06700134277344,38.17696762084961,51.18818664550781,91.27645874023438,315.70861434936523,RUN2
1050,1050.0,137.04339599609375,40.81867980957031,55.484580993652344,118.61176300048828,351.9584197998047,RUN2
1075,1075.0,126.15122985839844,45.85894012451172,45.101715087890625,86.79399871826172,303.9058837890625,RUN2
200,200.0,191.26307678222656,21.301170349121094,21.244205474853516,55.410152435302734,289.2186050415039,RUN3
225,225.0,212.29490661621094,47.015289306640625,53.63331604003906,73.0943832397461,386.0378952026367,RUN3
250,250.0,176.1199951171875,61.69386291503906,28.960920333862305,102.64116668701172,369.4159450531006,RUN3
275,275.0,212.72471618652344,69.31978607177734,55.69450759887695,45.16001892089844,382.8990287780762,RUN3
300,300.0,150.94033813476562,88.90251922607422,64.5126953125,34.96253967285156,339.3180923461914,RUN3
325,325.0,161.373046875,73.32785034179688,82.21951293945312,25.700273513793945,342.62068367004395,RUN3
350,350.0,152.83811950683594,88.63027954101562,72.71136474609375,30.29399871826172,344.47376251220703,RUN3
375,375.0,154.0768585205078,111.54664611816406,78.10614776611328,25.067598342895508,368.79725074768066,RUN3
400,400.0,145.71148681640625,103.96514129638672,47.413448333740234,30.638010025024414,327.7280864715576,RUN3
425,425.0,164.6089630126953,52.182106018066406,71.23155212402344,30.69595718383789,318.71857833862305,RUN3
450,450.0,148.55972290039062,101.34327697753906,23.8626708984375,29.88825035095215,303.65392112731934,RUN3
475,475.0,137.7476806640625,101.3523941040039,45.15566635131836,27.571006774902344,311.8267478942871,RUN3
500,500.0,155.82073974609375,77.30378723144531,33.301918029785156,28.814184188842773,295.240629196167,RUN3
525,525.0,175.28216552734375,75.29374694824219,49.355674743652344,32.893367767333984,332.82495498657227,RUN3
550,550.0,183.42677307128906,53.9939079284668,59.27280044555664,39.25878143310547,335.95226287841797,RUN3
575,575.0,157.2875213623047,44.696067810058594,52.60902404785156,48.42559814453125,303.0182113647461,RUN3
600,600.0,176.62548828125,32.07229232788086,44.379852294921875,48.674888610839844,301.7525215148926,RUN3
625,625.0,131.76043701171875,7.488619804382324,70.47996520996094,24.115388870239258,233.84441089630127,RUN3
650,650.0,113.1708984375,19.796390533447266,33.98649978637695,42.883323669433594,209.8371124267578,RUN3
675,675.0,141.2572784423828,48.27814483642578,91.41999053955078,47.73120880126953,328.6866226196289,RUN3
700,700.0,173.15890502929688,39.832733154296875,71.35079956054688,31.708934783935547,316.0513725280762,RUN3
725,725.0,158.2140350341797,67.29861450195312,75.6709976196289,25.486108779907227,326.66975593566895,RUN3
750,750.0,163.09458923339844,66.35789489746094,56.611839294433594,28.542268753051758,314.6065921783447,RUN3
775,775.0,137.58810424804688,25.565692901611328,44.19060134887695,39.680198669433594,247.02459716796875,RUN3
800,800.0,161.52630615234375,66.40573120117188,70.83110046386719,61.35990905761719,360.123046875,RUN3
825,825.0,113.42573547363281,43.60094451904297,50.852928161621094,23.008508682250977,230.88811683654785,RUN3
850,850.0,167.38893127441406,45.20209503173828,33.862300872802734,37.96958541870117,284.42291259765625,RUN3
875,875.0,132.5372314453125,51.00777816772461,62.800682067871094,20.31378936767578,266.659481048584,RUN3
900,900.0,144.47442626953125,39.74341583251953,70.44247436523438,33.20375061035156,287.8640670776367,RUN3
925,925.0,145.83128356933594,69.2862777709961,71.6458511352539,26.67497444152832,313.43838691711426,RUN3
950,950.0,150.101318359375,59.82312774658203,49.151947021484375,33.34260177612305,292.41899490356445,RUN3
975,975.0,126.89295196533203,63.91775131225586,67.48773193359375,43.32353591918945,301.6219711303711,RUN3
1000,1000.0,172.41061401367188,75.78401184082031,58.019317626953125,21.59429359436035,327.80823707580566,RUN3
1025,1025.0,160.37921142578125,51.00777816772461,47.87066650390625,46.60783004760742,305.86548614501953,RUN3
1050,1050.0,164.38442993164062,36.17188262939453,68.23088073730469,46.9873161315918,315.77450942993164,RUN3
1075,1075.0,150.94268798828125,49.584495544433594,58.1607666015625,42.98093795776367,301.668888092041,RUN3
200,200.0,67.23200988769531,157.8266143798828,42.79435729980469,133.59031677246094,401.44329833984375,RUN4
225,225.0,108.00911712646484,176.24917602539062,49.5665168762207,120.09796142578125,453.9227714538574,RUN4
250,250.0,105.234375,164.6859588623047,50.195030212402344,100.93311309814453,421.04847717285156,RUN4
275,275.0,98.11143493652344,137.3223114013672,42.28987121582031,81.33574676513672,359.05936431884766,RUN4
300,300.0,57.20186996459961,123.53720092773438,42.33277130126953,99.95887756347656,323.0307197570801,RUN4
325,325.0,67.6860580444336,116.0522689819336,31.966747283935547,87.20487976074219,302.9099540710449,RUN4
350,350.0,88.2972183227539,132.240478515625,53.9109001159668,80.41638946533203,354.86498641967773,RUN4
375,375.0,76.54131317138672,115.11193084716797,40.61157989501953,103.88499450683594,336.14981842041016,RUN4
400,400.0,96.08538818359375,125.06597137451172,37.70262908935547,103.95677947998047,362.8107681274414,RUN4
425,425.0,61.36122131347656,162.04452514648438,52.97245788574219,115.34872436523438,391.7269287109375,RUN4
450,450.0,115.13546752929688,152.87692260742188,56.241764068603516,113.86061096191406,438.1147651672363,RUN4
475,475.0,124.165283203125,139.25132751464844,42.95463943481445,130.71591186523438,437.08716201782227,RUN4
500,500.0,95.34628295898438,172.52220153808594,49.58590316772461,131.76852416992188,449.2229118347168,RUN4
525,525.0,72.37046813964844,170.81039428710938,41.30125427246094,137.6190643310547,422.10118103027344,RUN4
550,550.0,67.8290023803711,155.32373046875,49.55847930908203,147.61598205566406,420.3271942138672,RUN4
575,575.0,86.05500793457031,131.94491577148438,33.712554931640625,134.8941650390625,386.6066436767578,RUN4
600,600.0,106.1449966430664,144.9534912109375,48.46324920654297,92.5096435546875,392.0713806152344,RUN4
625,625.0,124.94277954101562,152.57339477539062,43.26454162597656,128.07635498046875,448.85707092285156,RUN4
650,650.0,81.4936294555664,151.20297241210938,47.9666748046875,117.86736297607422,398.5306396484375,RUN4
675,675.0,92.82156372070312,135.70921325683594,41.81086730957031,126.89458465576172,397.2362289428711,RUN4
700,700.0,89.75176239013672,154.86813354492188,53.00544738769531,101.37361145019531,398.9989547729492,RUN4
725,725.0,93.87149810791016,137.77374267578125,46.92081832885742,100.0792465209961,378.6453056335449,RUN4
750,750.0,88.32780456542969,140.89508056640625,41.080421447753906,99.04240417480469,369.34571075439453,RUN4
775,775.0,89.02667236328125,153.67044067382812,50.61937713623047,116.25931549072266,409.5758056640625,RUN4
800,800.0,75.99638366699219,152.75811767578125,43.47026062011719,124.9269790649414,397.15174102783203,RUN4
825,825.0,77.38814544677734,162.48831176757812,60.78865051269531,110.8769760131836,411.5420837402344,RUN4
850,850.0,120.63673400878906,154.5130615234375,52.81184387207031,116.70699310302734,444.6686325073242,RUN4
875,875.0,95.95018005371094,145.84169006347656,61.51776885986328,84.07688903808594,387.3865280151367,RUN4
900,900.0,87.94303894042969,146.5399169921875,49.95635986328125,126.3183822631836,410.75769805908203,RUN4
925,925.0,91.35867309570312,158.49765014648438,45.06612777709961,120.74017333984375,415.66262435913086,RUN4
950,950.0,110.6282958984375,131.4665985107422,50.31224822998047,107.77723693847656,400.1843795776367,RUN4
975,975.0,90.61894989013672,151.42279052734375,50.73438262939453,97.78823852539062,390.5643615722656,RUN4
1000,1000.0,85.05682373046875,140.1012725830078,50.58385467529297,79.47529602050781,355.21724700927734,RUN4
1025,1025.0,158.27804565429688,139.9614715576172,49.61790466308594,57.96229934692383,405.8197212219238,RUN4
1050,1050.0,111.0345458984375,131.49208068847656,75.92156219482422,99.48208618164062,417.9302749633789,RUN4
1075,1075.0,109.0028076171875,112.9969711303711,41.371917724609375,91.2536849975586,354.62538146972656,RUN4
200,200.0,255.09854125976562,130.50253295898438,64.99870300292969,39.8931999206543,490.492977142334,RUN5
225,225.0,226.16831970214844,167.0207977294922,38.967376708984375,72.74127960205078,504.8977737426758,RUN5
250,250.0,97.47250366210938,160.2965850830078,37.371131896972656,71.91658782958984,367.0568084716797,RUN5
275,275.0,122.24369049072266,139.18553161621094,14.143115043640137,57.10544204711914,332.67777919769287,RUN5
300,300.0,209.58837890625,74.43209838867188,55.9669075012207,46.23878479003906,386.22616958618164,RUN5
325,325.0,226.248291015625,113.56771850585938,36.35112380981445,112.53120422363281,488.69833755493164,RUN5
350,350.0,213.6109619140625,78.10769653320312,64.82925415039062,57.57140350341797,414.1193161010742,RUN5
375,375.0,161.71009826660156,96.1159439086914,53.095787048339844,67.08098602294922,378.00281524658203,RUN5
400,400.0,211.50074768066406,77.80091857910156,64.76303100585938,54.59008026123047,408.65477752685547,RUN5
425,425.0,216.44862365722656,143.01693725585938,59.3900146484375,67.82003021240234,486.6756057739258,RUN5
450,450.0,218.5580596923828,69.29407501220703,52.81917953491211,43.50283432006836,384.1741485595703,RUN5
475,475.0,171.87242126464844,67.84260559082031,50.82179260253906,71.7884292602539,362.3252487182617,RUN5
500,500.0,135.73782348632812,86.47606658935547,54.32914352416992,68.92989349365234,345.47292709350586,RUN5
525,525.0,168.57928466796875,60.80057144165039,36.9904899597168,66.6130599975586,332.98340606689453,RUN5
550,550.0,205.94993591308594,105.49244689941406,54.804115295410156,61.596923828125,427.84342193603516,RUN5
575,575.0,130.31475830078125,48.72404861450195,49.581336975097656,59.01368713378906,287.6338310241699,RUN5
600,600.0,196.6170654296875,117.66327667236328,72.66731262207031,47.392486572265625,434.3401412963867,RUN5
625,625.0,226.99679565429688,163.03443908691406,50.53220748901367,63.1461296081543,503.7095718383789,RUN5
650,650.0,224.55458068847656,123.45454406738281,55.61801528930664,85.18122863769531,488.8083686828613,RUN5
675,675.0,193.9034423828125,132.9992218017578,61.80317687988281,56.870361328125,445.5762023925781,RUN5
700,700.0,167.60565185546875,89.43816375732422,42.286895751953125,69.47750091552734,368.80821228027344,RUN5
725,725.0,139.43540954589844,90.11712646484375,46.554771423339844,64.9884033203125,341.09571075439453,RUN5
750,750.0,255.8651123046875,73.6949234008789,73.83275604248047,62.640804290771484,466.03359603881836,RUN5
775,775.0,192.1512451171875,70.30021667480469,37.94584655761719,70.0611572265625,370.4584655761719,RUN5
800,800.0,214.23338317871094,61.35438537597656,26.24901008605957,57.13744354248047,358.97422218322754,RUN5
825,825.0,119.39421081542969,54.195953369140625,27.89130210876465,54.77801513671875,256.2594814300537,RUN5
850,850.0,178.00552368164062,103.8287582397461,17.704574584960938,57.74651336669922,357.2853698730469,RUN5
875,875.0,209.61102294921875,72.40139770507812,33.61655044555664,64.24850463867188,379.8774757385254,RUN5
900,900.0,202.9784393310547,40.240577697753906,25.737171173095703,63.272865295410156,332.22905349731445,RUN5
925,925.0,159.4239501953125,57.84878921508789,16.97391128540039,51.429840087890625,285.6764907836914,RUN5
950,950.0,200.90980529785156,40.969085693359375,20.351322174072266,49.13350296020508,311.3637161254883,RUN5
975,975.0,193.11947631835938,26.373659133911133,18.191028594970703,54.2486457824707,291.9328098297119,RUN5
1000,1000.0,194.3486328125,52.8397216796875,15.97258186340332,51.75696563720703,314.91790199279785,RUN5
1025,1025.0,174.0897674560547,123.05320739746094,13.588184356689453,51.35322952270508,362.08438873291016,RUN5
1050,1050.0,154.7511444091797,179.5651397705078,30.568918228149414,73.06520080566406,437.950403213501,RUN5
1075,1075.0,196.57997131347656,154.58999633789062,6.612029075622559,57.67877197265625,415.460768699646,RUN5
